accession,n_genome_records,organisms_all,protein_name,protein_is_hypothetical,protein_db,organism,strain,assembly,nuccore,biosample,scientific_name,phylum,class,order,family,genus,full_lineage,collection_date,isolation_source,geo_loc_name,biosample_title,neighborhood_fasta,env_local_scale,env_medium,env_broad_scale,host,lat_lon,note
WP_026577011.1,2.0,Bacillus sp. SB49,TOMM precursor leader peptide-binding protein,False,RefSeq,Bacillus sp. SB49,SB49,GCF_000469135.2,NZ_CP048117.1,SAMN02469735,Bacillus sp. SB49,Bacillota,Bacilli,Caryophanales,Bacillaceae,Bacillus,cellular organisms; Bacteria; Bacillati; Bacillota; Bacilli; Caryophanales; Bacillaceae; Bacillus; unclassified Bacillus (in: firmicutes),2009-05,salt crystallizer,"India: the Little Rann of Kutch, Gujarat",Sample from Bacillus sp. SB49,resultados/YcaO/neighborhoods/WP_026577011_1.fasta,,,,,,
WP_244712289.1,2.0,Halobacillus salinarum,TOMM precursor leader peptide-binding protein,False,RefSeq,Halobacillus salinarum,SSBR10-3,GCF_022919095.1,NZ_CP095073.1,SAMN27282204,Halobacillus salinarum,Bacillota,Bacilli,Caryophanales,Bacillaceae,Halobacillus,cellular organisms; Bacteria; Bacillati; Bacillota; Bacilli; Caryophanales; Bacillaceae; Halobacillus,2010-06-01,Saltern,"South Korea: Jeollanam-do, Sinan-gun, Jeungdo-myeon",Microbe sample from Halobacillus salinarum,resultados/YcaO/neighborhoods/WP_244712289_1.fasta,,,,,,
WP_014642915.1,4.0,Halobacillus halophilus; Halobacillus halophilus DSM 2266,TOMM precursor leader peptide-binding protein,False,RefSeq,Halobacillus halophilus DSM 2266,type strain: DSM 2266,GCF_000284515.1,NC_017668.1,SAMEA2272168,Halobacillus halophilus DSM 2266,Bacillota,Bacilli,Caryophanales,Bacillaceae,Halobacillus,cellular organisms; Bacteria; Bacillati; Bacillota; Bacilli; Caryophanales; Bacillaceae; Halobacillus; Halobacillus halophilus,,,,BioSample entry for genome collection GCA_000284515,resultados/YcaO/neighborhoods/WP_014642915_1.fasta,,,,,,
WP_089751961.1,2.0,Halobacillus alkaliphilus,TOMM precursor leader peptide-binding protein,False,RefSeq,Halobacillus alkaliphilus,FP5,GCF_900113125.1,NZ_FOOG01000016.1,SAMN05216353,Halobacillus alkaliphilus,Bacillota,Bacilli,Caryophanales,Bacillaceae,Halobacillus,cellular organisms; Bacteria; Bacillati; Bacillota; Bacilli; Caryophanales; Bacillaceae; Halobacillus,not collected,missing,missing,Halobacillus alkaliphilus FP5,resultados/YcaO/neighborhoods/WP_089751961_1.fasta,missing,missing,missing,not applicable,missing,
WP_224894603.1,2.0,Halobacillus halophilus,TOMM precursor leader peptide-binding protein,False,RefSeq,Halobacillus halophilus,AcN7-4,GCF_020171985.1,NZ_JAIVAL010000007.1,SAMN21542847,Halobacillus halophilus,Bacillota,Bacilli,Caryophanales,Bacillaceae,Halobacillus,cellular organisms; Bacteria; Bacillati; Bacillota; Bacilli; Caryophanales; Bacillaceae; Halobacillus,2021-01-13,,China:Shenzhen,MIGS Cultured Bacterial/Archaeal sample from Halobacillus halophilus,resultados/YcaO/neighborhoods/WP_224894603_1.fasta,offshore,sediment,Mangrove rhizosphere sediment,,22.651 N 114.515 E,
WP_082233113.1,1.0,Halobacillus massiliensis,TOMM precursor leader peptide-binding protein,False,RefSeq,Halobacillus massiliensis,Marseille-P3554,GCF_900166625.1,NZ_LT800499.1,SAMEA88387168,Halobacillus massiliensis,Bacillota,Bacilli,Caryophanales,Bacillaceae,Halobacillus,cellular organisms; Bacteria; Bacillati; Bacillota; Bacilli; Caryophanales; Bacillaceae; Halobacillus,,,,PRJEB19420,resultados/YcaO/neighborhoods/WP_082233113_1.fasta,,,,,,
WP_220583459.1,2.0,Halobacillus sp. Nhm2S1,TOMM precursor leader peptide-binding protein,False,RefSeq,Halobacillus sp. Nhm2S1,Nhm2S1,GCF_019599545.1,NZ_JAIEZV010000001.1,SAMN20606471,Halobacillus sp. Nhm2S1,Bacillota,Bacilli,Caryophanales,Bacillaceae,Halobacillus,cellular organisms; Bacteria; Bacillati; Bacillota; Bacilli; Caryophanales; Bacillaceae; Halobacillus; unclassified Halobacillus,2019-09,tidal flat,South Korea,Microbe sample from Halobacillus sp. Nhm2S1,resultados/YcaO/neighborhoods/WP_220583459_1.fasta,,,,,,
WP_206946261.1,2.0,Halobacillus sp. GSS1,TOMM precursor leader peptide-binding protein,False,RefSeq,Halobacillus sp. GSS1,GSS1,GCF_017307035.1,NZ_JAFLHE010000002.1,SAMN18112459,Halobacillus sp. GSS1,Bacillota,Bacilli,Caryophanales,Bacillaceae,Halobacillus,cellular organisms; Bacteria; Bacillati; Bacillota; Bacilli; Caryophanales; Bacillaceae; Halobacillus; unclassified Halobacillus,2017-06-14,soil,India: Sundarbans,Microbe sample from Halobacillus sp. GSS1,resultados/YcaO/neighborhoods/WP_206946261_1.fasta,,,,,,
WP_160917664.1,2.0,Halobacillus litoralis,TOMM precursor leader peptide-binding protein,False,RefSeq,Halobacillus litoralis,22505_10_Sand,GCF_009856415.1,NZ_WMEZ01000015.1,SAMN13191868,Halobacillus litoralis,Bacillota,Bacilli,Caryophanales,Bacillaceae,Halobacillus,cellular organisms; Bacteria; Bacillati; Bacillota; Bacilli; Caryophanales; Bacillaceae; Halobacillus,missing,Sand sample,Puerto Rico: near crystallizers from saltern,Microbe sample from Halobacillus litoralis,resultados/YcaO/neighborhoods/WP_160917664_1.fasta,,,,missing,,
WP_406946048.1,2.0,Halobacillus sp. SY10,TOMM precursor leader peptide-binding protein,False,RefSeq,Halobacillus sp. SY10,SY10,GCF_045401165.1,NZ_CP174345.1,SAMN44789437,Halobacillus sp. SY10,Bacillota,Bacilli,Caryophanales,Bacillaceae,Halobacillus,cellular organisms; Bacteria; Bacillati; Bacillota; Bacilli; Caryophanales; Bacillaceae; Halobacillus; unclassified Halobacillus,2023-09-21,salt lake soil,China,Microbe sample from Halobacillus sp. SY10,resultados/YcaO/neighborhoods/WP_406946048_1.fasta,,,,missing,,
WP_474962257.1,2.0,Halobacillus sp. AWM4_238,TOMM precursor leader peptide-binding protein,False,RefSeq,Halobacillus sp. AWM4_238,AWM4_238,GCF_056158265.1,NZ_JBSWSY010000002.1,SAMN51862052,Halobacillus sp. AWM4_238,Bacillota,Bacilli,Caryophanales,Bacillaceae,Halobacillus,cellular organisms; Bacteria; Bacillati; Bacillota; Bacilli; Caryophanales; Bacillaceae; Halobacillus; unclassified Halobacillus,2023-10-31,Marine,"USA: Atlantic ocean at Key West, Florida",Microbe sample from Halobacillus sp. AWM4_238,resultados/YcaO/neighborhoods/WP_474962257_1.fasta,,,,,,
WP_226588834.1,2.0,Halobacillus litoralis,TOMM precursor leader peptide-binding protein,False,RefSeq,Halobacillus litoralis,SaN21-8,GCF_020524085.2,NZ_CP129016.1,SAMN21557956,Halobacillus litoralis,Bacillota,Bacilli,Caryophanales,Bacillaceae,Halobacillus,cellular organisms; Bacteria; Bacillati; Bacillota; Bacilli; Caryophanales; Bacillaceae; Halobacillus,2021-01-13,,China:Shenzhen,MIGS Cultured Bacterial/Archaeal sample from Halobacillus litoralis,resultados/YcaO/neighborhoods/WP_226588834_1.fasta,offshore,sediment,Mangrove rhizosphere sediment,,22.539 N 114.602 E,
WP_411789310.1,2.0,Halobacillus rhizosphaerae,TOMM precursor leader peptide-binding protein,False,RefSeq,Halobacillus rhizosphaerae,T66,GCF_046719735.1,NZ_JAUTWQ010000009.1,SAMN36759154,Halobacillus rhizosphaerae,Bacillota,Bacilli,Caryophanales,Bacillaceae,Halobacillus,cellular organisms; Bacteria; Bacillati; Bacillota; Bacilli; Caryophanales; Bacillaceae; Halobacillus,2022-09-24,,"China: Southwest of Jiangshan Peninsula, Fangchenggang City",MIGS Cultured Bacterial/Archaeal sample from Halobacillus rhizosphaerae,resultados/YcaO/neighborhoods/WP_411789310_1.fasta,shoreline [ENVO:00000486],soil [ENVO:00001998],mangrove biome [ENVO:01000181],,21.30 N 108.13 E,
WP_224884942.1,2.0,Guptibacillus hwajinpoensis,TOMM precursor leader peptide-binding protein,False,RefSeq,Guptibacillus hwajinpoensis,AmN0-1,GCF_020171785.1,NZ_JAIVAE010000016.1,SAMN21542854,Guptibacillus hwajinpoensis,Bacillota,Bacilli,Caryophanales,Guptibacillaceae,Guptibacillus,cellular organisms; Bacteria; Bacillati; Bacillota; Bacilli; Caryophanales; Guptibacillaceae; Guptibacillus,2021-01-13,,China:Shenzhen,MIGS Cultured Bacterial/Archaeal sample from Guptibacillus hwajinpoensis,resultados/YcaO/neighborhoods/WP_224884942_1.fasta,offshore,sediment,Mangrove rhizosphere sediment,,22.540 N 114.597 E,
WP_098442791.1,2.0,Bacillus sp. es.036,TOMM precursor leader peptide-binding protein,False,RefSeq,Bacillus sp. es.036,es.036,GCF_002563635.1,NZ_PDIZ01000001.1,SAMN04487878,Bacillus sp. es.036,Bacillota,Bacilli,Caryophanales,Bacillaceae,Bacillus,cellular organisms; Bacteria; Bacillati; Bacillota; Bacilli; Caryophanales; Bacillaceae; Bacillus; unclassified Bacillus (in: firmicutes),not collected,,missing,Bacillus sp. ES.036,resultados/YcaO/neighborhoods/WP_098442791_1.fasta,missing,missing,missing,,36.8100 N 121.7900 W,
WP_430241152.1,2.0,Pseudalkalibacillus sp. NRS-1564,TOMM precursor leader peptide-binding protein,False,RefSeq,Pseudalkalibacillus sp. NRS-1564,NRS-1564,GCF_050467905.1,NZ_JBITPM010000002.1,SAMN41009651,Pseudalkalibacillus sp. NRS-1564,Bacillota,Bacilli,Caryophanales,Fictibacillaceae,Pseudalkalibacillus,cellular organisms; Bacteria; Bacillati; Bacillota; Bacilli; Caryophanales; Fictibacillaceae; Pseudalkalibacillus; unclassified Pseudalkalibacillus,1976-10-08,salt marsh,not collected,Microbe sample from Pseudalkalibacillus sp. NRS-1564,resultados/YcaO/neighborhoods/WP_430241152_1.fasta,,,,,,
WP_283152618.1,1.0,Guptibacillus hwajinpoensis,TOMM precursor leader peptide-binding protein,False,RefSeq,Guptibacillus hwajinpoensis,MABIK MI00000821,GCF_030035425.1,NZ_CP125299.1,SAMN35019050,Guptibacillus hwajinpoensis,Bacillota,Bacilli,Caryophanales,Guptibacillaceae,Guptibacillus,cellular organisms; Bacteria; Bacillati; Bacillota; Bacilli; Caryophanales; Guptibacillaceae; Guptibacillus,1994-06-15,missing,"South Korea: Taein-dong, Gwangyang-si, Jeollanam-do",Microbe sample from Guptibacillus hwajinpoensis,resultados/YcaO/neighborhoods/WP_283152618_1.fasta,,,,,,
WP_427408972.1,2.0,Guptibacillus hwajinpoensis,TOMM precursor leader peptide-binding protein,False,RefSeq,Guptibacillus hwajinpoensis,NPDC079112,GCF_050267845.1,NZ_JBNNFR010000004.1,SAMN46054466,Guptibacillus hwajinpoensis,Bacillota,Bacilli,Caryophanales,Guptibacillaceae,Guptibacillus,cellular organisms; Bacteria; Bacillati; Bacillota; Bacilli; Caryophanales; Guptibacillaceae; Guptibacillus,not applicable,,not applicable,MIGS Cultured Bacterial/Archaeal sample from Guptibacillus hwajinpoensis,resultados/YcaO/neighborhoods/WP_427408972_1.fasta,not applicable,not applicable,not applicable,,not applicable,
WP_347551326.1,2.0,Guptibacillus hwajinpoensis,TOMM precursor leader peptide-binding protein,False,RefSeq,Guptibacillus hwajinpoensis,Zjut HJ2101,GCF_039851965.1,NZ_CP156674.1,SAMN41398202,Guptibacillus hwajinpoensis,Bacillota,Bacilli,Caryophanales,Guptibacillaceae,Guptibacillus,cellular organisms; Bacteria; Bacillati; Bacillota; Bacilli; Caryophanales; Guptibacillaceae; Guptibacillus,2023-04-25,soil,China:Hangzhou,Microbe sample from Guptibacillus hwajinpoensis,resultados/YcaO/neighborhoods/WP_347551326_1.fasta,,,,,,
WP_206894827.1,2.0,Bacillus sp. NTK071,TOMM precursor leader peptide-binding protein,False,RefSeq,Bacillus sp. NTK071,NTK071,GCF_017303315.1,NZ_JAFKOI010000025.1,SAMN15677907,Bacillus sp. NTK071,Bacillota,Bacilli,Caryophanales,Bacillaceae,Bacillus,cellular organisms; Bacteria; Bacillati; Bacillota; Bacilli; Caryophanales; Bacillaceae; Bacillus; unclassified Bacillus (in: firmicutes),not applicable,,Atlantic Ocean: United States northeast coast,MIGS Cultured Bacterial/Archaeal sample from Bacillus sp. NTK071,resultados/YcaO/neighborhoods/WP_206894827_1.fasta,Coastal zone [ENVO:00000486],Coastal ocean water [ENVO:00002150],Ocean biome [ENVO:01000048],,not applicable,
WP_085028540.1,2.0,Halobacillus mangrovi,TOMM precursor leader peptide-binding protein,False,RefSeq,Halobacillus mangrovi,KTB 131,GCF_002097535.1,NZ_CP020772.1,SAMN06640208,Halobacillus mangrovi,Bacillota,Bacilli,Caryophanales,Bacillaceae,Halobacillus,cellular organisms; Bacteria; Bacillati; Bacillota; Bacilli; Caryophanales; Bacillaceae; Halobacillus,2008,,USA,Whole genome sequencing and assembly of Halobacillus mangrovi KTB 131,resultados/YcaO/neighborhoods/WP_085028540_1.fasta,,,,black mangrove,,
WP_173918172.1,1.0,Halobacillus sp. Marseille-Q1614,TOMM precursor leader peptide-binding protein,False,RefSeq,Halobacillus sp. Marseille-Q1614,Marseille-Q1614,GCF_902809865.1,NZ_CADDWH010000001.1,SAMEA6593192,Halobacillus sp. Marseille-Q1614,Bacillota,Bacilli,Caryophanales,Bacillaceae,Halobacillus,cellular organisms; Bacteria; Bacillati; Bacillota; Bacilli; Caryophanales; Bacillaceae; Halobacillus; unclassified Halobacillus,,stool,,Halobacillus pseudomassilliensis genome,resultados/YcaO/neighborhoods/WP_173918172_1.fasta,,,,,,
WP_035545486.1,2.0,Halobacillus sp. BBL2006,TOMM precursor leader peptide-binding protein,False,RefSeq,Halobacillus sp. BBL2006,BBL2006,GCF_000786645.1,NZ_JRNX01000280.1,SAMN03001965,Halobacillus sp. BBL2006,Bacillota,Bacilli,Caryophanales,Bacillaceae,Halobacillus,cellular organisms; Bacteria; Bacillati; Bacillota; Bacilli; Caryophanales; Bacillaceae; Halobacillus; unclassified Halobacillus,2006-09-09,Sulfur rich salt springs,"USA: Big Bone Lick State Park, Boone county KY",Microbe sample from Halobacillus sp. BBL2006,resultados/YcaO/neighborhoods/WP_035545486_1.fasta,,,Temperate deciduous forest,,,
WP_156288261.1,1.0,Oceanobacillus salinisoli,TOMM precursor leader peptide-binding protein,False,RefSeq,Oceanobacillus salinisoli,YIM B00359,GCF_009733865.1,NZ_WOFB01000001.1,SAMN13379556,Oceanobacillus salinisoli,Bacillota,Bacilli,Caryophanales,Bacillaceae,Oceanobacillus,cellular organisms; Bacteria; Bacillati; Bacillota; Bacilli; Caryophanales; Bacillaceae; Oceanobacillus,2017-06,soil,China: XinJiang,Microbe sample from Oceanobacillus salinisoli,resultados/YcaO/neighborhoods/WP_156288261_1.fasta,,,,,,
WP_408011515.1,2.0,Pseudalkalibacillus sp. A8,TOMM precursor leader peptide-binding protein,False,RefSeq,Pseudalkalibacillus sp. A8,A8,GCF_045920555.1,NZ_CP174509.1,SAMN45024209,Pseudalkalibacillus sp. A8,Bacillota,Bacilli,Caryophanales,Fictibacillaceae,Pseudalkalibacillus,cellular organisms; Bacteria; Bacillati; Bacillota; Bacilli; Caryophanales; Fictibacillaceae; Pseudalkalibacillus; unclassified Pseudalkalibacillus,2023-03,plant,China:baiyin,Microbe sample from Pseudalkalibacillus sp. A8,resultados/YcaO/neighborhoods/WP_408011515_1.fasta,,,,Cistanche deserticola,,
WP_199622513.1,1.0,Paenibacillus alkalitolerans,TOMM precursor leader peptide-binding protein,False,RefSeq,Paenibacillus alkalitolerans,YIM B00362 = KCTC 43272,GCF_016482785.1,NZ_JAEMXM010000028.1,SAMN17103322,Paenibacillus alkalitolerans,Bacillota,Bacilli,Caryophanales,Paenibacillaceae,Paenibacillus,cellular organisms; Bacteria; Bacillati; Bacillota; Bacilli; Caryophanales; Paenibacillaceae; Paenibacillus,2019-07-16,soil,China,Microbe sample from Paenibacillus alkalitolerans,resultados/YcaO/neighborhoods/WP_199622513_1.fasta,,,,,,
WP_091588174.1,2.0,Alteribacillus bidgolensis,TOMM precursor leader peptide-binding protein,False,RefSeq,Alteribacillus bidgolensis,DSM 25260,GCF_002886255.1,NZ_NJAU01000003.1,SAMN07249149,Alteribacillus bidgolensis,Bacillota,Bacilli,Caryophanales,Bacillaceae,Alteribacillus,cellular organisms; Bacteria; Bacillati; Bacillota; Bacilli; Caryophanales; Bacillaceae; Alteribacillus,2012,water of the hypersaline Aran-Bidgol lake in Iran,Iran,Microbe sample from Alteribacillus bidgolensis,resultados/YcaO/neighborhoods/WP_091588174_1.fasta,,,,,,
MGM0878827.1,1.0,Bacillota bacterium,TOMM precursor leader peptide-binding protein,False,GenBank/INSDC,Bacillota bacterium,not collected,GCA_051750265.1,JBNJJO010000065.1,SAMN45962191,Bacillota bacterium,Bacillota,,,,,cellular organisms; Bacteria; Bacillati; Bacillota; unclassified Bacillota,2024-03-11,salt lake,China: Xinjiang,MIMAG Metagenome-assembled Genome sample from Bacillota bacterium,resultados/YcaO/neighborhoods/MGM0878827_1.fasta,missing,missing,missing,not collected,43.6643 N 92.7978 E,
WP_367752922.1,2.0,Ammoniphilus soli,TOMM precursor leader peptide-binding protein,False,RefSeq,Ammoniphilus soli,3BR4,GCF_040813775.1,NZ_JBEGDL010000006.1,SAMN41600853,Ammoniphilus soli,Bacillota,Bacilli,Caryophanales,Paenibacillaceae,Ammoniphilus,cellular organisms; Bacteria; Bacillati; Bacillota; Bacilli; Caryophanales; Paenibacillaceae; Aneurinibacillus group; Ammoniphilus,not provided,soil,"China:Aksu, Xinjiang",Microbe sample from Ammoniphilus soli,resultados/YcaO/neighborhoods/WP_367752922_1.fasta,,,,,,
WP_135151542.1,2.0,Cohnella luojiensis,TOMM precursor leader peptide-binding protein,False,RefSeq,Cohnella luojiensis,CCTCC AB 208254,GCF_004564235.1,NZ_SOMN01000006.1,SAMN11164850,Cohnella luojiensis,Bacillota,Bacilli,Caryophanales,Paenibacillaceae,Cohnella,cellular organisms; Bacteria; Bacillati; Bacillota; Bacilli; Caryophanales; Paenibacillaceae; Cohnella,2009-07-01,soil,China:Xinjiang,Microbe sample from Cohnella luojiensis,resultados/YcaO/neighborhoods/WP_135151542_1.fasta,,,,,,
WP_259618740.1,2.0,Paenibacillus doosanensis,TOMM precursor leader peptide-binding protein,False,RefSeq,Paenibacillus doosanensis,CAU 1055,GCA_025060755.1,JANYUY010000024.1,SAMN30637177,Paenibacillus doosanensis,Bacillota,Bacilli,Caryophanales,Paenibacillaceae,Paenibacillus,cellular organisms; Bacteria; Bacillati; Bacillota; Bacilli; Caryophanales; Paenibacillaceae; Paenibacillus,2013-05-04,soil,not provided,Microbe sample from Paenibacillus doosanensis,resultados/YcaO/neighborhoods/WP_259618740_1.fasta,,,,,,
WP_028553027.1,1.0,Paenibacillus sp. UNC451MF,TOMM precursor leader peptide-binding protein,False,RefSeq,Paenibacillus sp. UNC451MF,UNC451MF,GCF_000686845.1,NZ_KK366026.1,SAMN02743385,Paenibacillus sp. UNC451MF,Bacillota,Bacilli,Caryophanales,Paenibacillaceae,Paenibacillus,cellular organisms; Bacteria; Bacillati; Bacillota; Bacilli; Caryophanales; Paenibacillaceae; Paenibacillus; unclassified Paenibacillus,,,,Sample from Paenibacillus sp. UNC451MF,resultados/YcaO/neighborhoods/WP_028553027_1.fasta,,,,,,
WP_282937888.1,1.0,Paenibacillus sp. RC67,TOMM precursor leader peptide-binding protein,False,RefSeq,Paenibacillus sp. RC67,RC67,GCF_030020805.1,NZ_CP125098.1,SAMN33969015,Paenibacillus sp. RC67,Bacillota,Bacilli,Caryophanales,Paenibacillaceae,Paenibacillus,cellular organisms; Bacteria; Bacillati; Bacillota; Bacilli; Caryophanales; Paenibacillaceae; Paenibacillus; unclassified Paenibacillus,2020,,"USA: Massachusetts, Petersham",MIGS Cultured Bacterial/Archaeal sample from Paenibacillus sp. RC67,resultados/YcaO/neighborhoods/WP_282937888_1.fasta,see publication for details,see publication for details,see publication for details,,42.54 N 72.18 W,
WP_113028978.1,2.0,Paenibacillus contaminans,TOMM precursor leader peptide-binding protein,False,RefSeq,Paenibacillus contaminans,CKOBP-6,GCF_003285015.1,NZ_QMFB01000001.1,SAMN09478231,Paenibacillus contaminans,Bacillota,Bacilli,Caryophanales,Paenibacillaceae,Paenibacillus,cellular organisms; Bacteria; Bacillati; Bacillota; Bacilli; Caryophanales; Paenibacillaceae; Paenibacillus,2008-10-30,contaminated laboratory plate,Taiwan,Microbe sample from Paenibacillus contaminans,resultados/YcaO/neighborhoods/WP_113028978_1.fasta,,,,,,
WP_409340749.1,2.0,Paenibacillus litoralis,TOMM precursor leader peptide-binding protein,False,RefSeq,Paenibacillus litoralis,MBLB4367,GCF_046244365.1,NZ_CP176395.1,SAMN45198054,Paenibacillus litoralis,Bacillota,Bacilli,Caryophanales,Paenibacillaceae,Paenibacillus,cellular organisms; Bacteria; Bacillati; Bacillota; Bacilli; Caryophanales; Paenibacillaceae; Paenibacillus,2022-06,seacoast soil,missing,Microbe sample from Paenibacillus litoralis,resultados/YcaO/neighborhoods/WP_409340749_1.fasta,,,,missing,,
WP_442600569.1,2.0,Paenibacillus sp. KN14-4R,TOMM precursor leader peptide-binding protein,False,RefSeq,Paenibacillus sp. KN14-4R,KN14-4R,GCF_052180255.1,NZ_CP197466.1,SAMN49649564,Paenibacillus sp. KN14-4R,Bacillota,Bacilli,Caryophanales,Paenibacillaceae,Paenibacillus,cellular organisms; Bacteria; Bacillati; Bacillota; Bacilli; Caryophanales; Paenibacillaceae; Paenibacillus; unclassified Paenibacillus,2024-07-31,soil,"South Korea: Jiri-san ,Hadong, Gyeongsangnam-do",Microbe sample from Paenibacillus sp. KN14-4R,resultados/YcaO/neighborhoods/WP_442600569_1.fasta,,,,,,
WP_477555794.1,1.0,Paenibacillus sp. P5_B5,TOMM precursor leader peptide-binding protein,False,RefSeq,Paenibacillus sp. P5_B5,P5_B5,GCF_056400365.1,NZ_JBFULK010000015.1,SAMN42779407,Paenibacillus sp. P5_B5,Bacillota,Bacilli,Caryophanales,Paenibacillaceae,Paenibacillus,cellular organisms; Bacteria; Bacillati; Bacillota; Bacilli; Caryophanales; Paenibacillaceae; Paenibacillus; unclassified Paenibacillus,2019-03-26,root,Denmark: Askov,Microbe sample from Paenibacillus sp. P5_B5,resultados/YcaO/neighborhoods/WP_477555794_1.fasta,,,,Hordeum vulgare Golden Promise,55.27576 N 9.07012 E,
WP_159886549.1,1.0,Paenibacillus puerhi,TOMM precursor leader peptide-binding protein,False,RefSeq,Paenibacillus puerhi,SJY2,GCF_009846885.1,NZ_WUWM01000020.1,SAMN13697518,Paenibacillus puerhi,Bacillota,Bacilli,Caryophanales,Paenibacillaceae,Paenibacillus,cellular organisms; Bacteria; Bacillati; Bacillota; Bacilli; Caryophanales; Paenibacillaceae; Paenibacillus,2018-12,soil,China,Microbe sample from Paenibacillus puerhi,resultados/YcaO/neighborhoods/WP_159886549_1.fasta,,,,,,
WP_209975946.1,2.0,Paenibacillus eucommiae,TOMM precursor leader peptide-binding protein,False,RefSeq,Paenibacillus eucommiae,DSM 26048,GCA_017874215.1,JAGGLB010000023.1,SAMN18247818,Paenibacillus eucommiae,Bacillota,Bacilli,Caryophanales,Paenibacillaceae,Paenibacillus,cellular organisms; Bacteria; Bacillati; Bacillota; Bacilli; Caryophanales; Paenibacillaceae; Paenibacillus,missing,missing,missing,Paenibacillus eucommiae DSM 26048,resultados/YcaO/neighborhoods/WP_209975946_1.fasta,missing,missing,missing,not applicable,missing,
WP_238191226.1,2.0,Paenibacillus sp. L3-i20,TOMM precursor leader peptide-binding protein,False,RefSeq,Paenibacillus sp. L3-i20,L3-i20,GCF_022180385.2,NZ_BQME02000002.1,SAMD00434440,Paenibacillus sp. L3-i20,Bacillota,Bacilli,Caryophanales,Paenibacillaceae,Paenibacillus,cellular organisms; Bacteria; Bacillati; Bacillota; Bacilli; Caryophanales; Paenibacillaceae; Paenibacillus; unclassified Paenibacillus,2020-12-01,,"Japan:Ruins of Nisshoen, Hiroshima City, Hiroshima",Paenibacillus Genome sequencing and assembly,resultados/YcaO/neighborhoods/WP_238191226_1.fasta,missing,missing,missing,,34.418044 N 132.445918 E,
WP_197936813.1,2.0,Paenibacillus sp. GSMTC-2017,TOMM precursor leader peptide-binding protein,False,RefSeq,Paenibacillus sp. GSMTC-2017,GSMTC-2017,GCF_016019935.1,NZ_JAECMT010000004.1,SAMN16993236,Paenibacillus sp. GSMTC-2017,Bacillota,Bacilli,Caryophanales,Paenibacillaceae,Paenibacillus,cellular organisms; Bacteria; Bacillati; Bacillota; Bacilli; Caryophanales; Paenibacillaceae; Paenibacillus; unclassified Paenibacillus,2014-08,Soil from side of Kephart Prong,USA: Great Smoky Mountains National Park,MIGS Cultured Bacterial/Archaeal sample from Paenibacillus sp. GSMTC-2017,resultados/YcaO/neighborhoods/WP_197936813_1.fasta,Riparian zone,Soil,Temperate deciduous forest,,35.58 N 83.36 W,
WP_090824024.1,2.0,Paenibacillus sp. yr247,TOMM precursor leader peptide-binding protein,False,RefSeq,Paenibacillus sp. yr247,YR247,GCF_900103825.1,NZ_FNIF01000013.1,SAMN04487897,Paenibacillus sp. yr247,Bacillota,Bacilli,Caryophanales,Paenibacillaceae,Paenibacillus,cellular organisms; Bacteria; Bacillati; Bacillota; Bacilli; Caryophanales; Paenibacillaceae; Paenibacillus; unclassified Paenibacillus,not collected,,missing,Paenibacillus sp. YR247,resultados/YcaO/neighborhoods/WP_090824024_1.fasta,missing,missing,missing,,missing,
WP_079409246.1,2.0,Paenibacillus ferrarius,TOMM precursor leader peptide-binding protein,False,RefSeq,Paenibacillus ferrarius,CY1,GCF_002027705.1,NZ_MBTG01000002.1,SAMN05437217,Paenibacillus ferrarius,Bacillota,Bacilli,Caryophanales,Paenibacillaceae,Paenibacillus,cellular organisms; Bacteria; Bacillati; Bacillota; Bacilli; Caryophanales; Paenibacillaceae; Paenibacillus,2014-02-10,iron mineral soil,China: Zhangjiajie,Microbe sample from Paenibacillus ferrarius,resultados/YcaO/neighborhoods/WP_079409246_1.fasta,,,,,,
WP_379302740.1,4.0,Paenibacillus sp. GCM10027628; Paenibacillus sp. M.A.Huq-82,TOMM precursor leader peptide-binding protein,False,RefSeq,Paenibacillus sp. GCM10027628,CGMCC 1.60093,GCF_042676385.1,NZ_JBHTHA010000031.1,SAMN43284469,Paenibacillus sp. GCM10027628,Bacillota,Bacilli,Caryophanales,Paenibacillaceae,Paenibacillus,cellular organisms; Bacteria; Bacillati; Bacillota; Bacilli; Caryophanales; Paenibacillaceae; Paenibacillus; unclassified Paenibacillus,2023,missing,missing,Microbe sample from Paenibacillus sp. GCM10027628,resultados/YcaO/neighborhoods/WP_379302740_1.fasta,,,,,,
WP_414858904.1,1.0,Paenibacillus sp. Soil787,TOMM precursor leader peptide-binding protein,False,RefSeq,Paenibacillus sp. Soil787,Soil787,GCF_001429545.1,NZ_LMSP01000047.1,SAMN04155676,Paenibacillus sp. Soil787,Bacillota,Bacilli,Caryophanales,Paenibacillaceae,Paenibacillus,cellular organisms; Bacteria; Bacillati; Bacillota; Bacilli; Caryophanales; Paenibacillaceae; Paenibacillus; unclassified Paenibacillus,2013,,Germany:Cologne,MIGS Cultured Bacterial/Archaeal sample from Paenibacillus sp. Soil787,resultados/YcaO/neighborhoods/WP_414858904_1.fasta,greenhouse,soil,Agricultural soil,Arabidopsis thaliana,50.958 N 6.856 E,
WP_060647049.1,2.0,Paenibacillus sp. Soil724D2,TOMM precursor leader peptide-binding protein,False,RefSeq,Paenibacillus sp. Soil724D2,Soil724D2,GCF_001427935.1,NZ_LMRY01000016.1,SAMN04155657,Paenibacillus sp. Soil724D2,Bacillota,Bacilli,Caryophanales,Paenibacillaceae,Paenibacillus,cellular organisms; Bacteria; Bacillati; Bacillota; Bacilli; Caryophanales; Paenibacillaceae; Paenibacillus; unclassified Paenibacillus,2013,,Germany:Cologne,MIGS Cultured Bacterial/Archaeal sample from Paenibacillus sp. Soil724D2,resultados/YcaO/neighborhoods/WP_060647049_1.fasta,greenhouse,soil,Agricultural soil,Arabidopsis thaliana,50.958 N 6.856 E,
WP_307439492.1,2.0,Paenibacillus sp. V4I3,TOMM precursor leader peptide-binding protein,False,RefSeq,Paenibacillus sp. V4I3,W1.09-140 V4I3,GCF_030817215.1,NZ_JAUSZA010000001.1,SAMN35085405,Paenibacillus sp. V4I3,Bacillota,Bacilli,Caryophanales,Paenibacillaceae,Paenibacillus,cellular organisms; Bacteria; Bacillati; Bacillota; Bacilli; Caryophanales; Paenibacillaceae; Paenibacillus; unclassified Paenibacillus,missing,missing,"USA: Washington, Lind Dryland Research Station",Paenibacillus sp. W1.09-140 V4I3,resultados/YcaO/neighborhoods/WP_307439492_1.fasta,missing,missing,missing,not applicable,missing,
WP_106769287.1,1.0,Paenibacillus faecalis,TOMM precursor leader peptide-binding protein,False,RefSeq,Paenibacillus faecalis,Marseille-P3787,GCF_900289175.1,NZ_LT985747.1,SAMEA104572236,Paenibacillus faecalis,Bacillota,Bacilli,Caryophanales,Paenibacillaceae,Paenibacillus,cellular organisms; Bacteria; Bacillati; Bacillota; Bacilli; Caryophanales; Paenibacillaceae; Paenibacillus,,stool,,Paenibacillus cagae genome,resultados/YcaO/neighborhoods/WP_106769287_1.fasta,,,,,,
WP_120110419.1,2.0,Paenibacillus pinisoli,TOMM precursor leader peptide-binding protein,False,RefSeq,Paenibacillus pinisoli,JCM 19203,GCF_003605435.1,NZ_QXQB01000002.1,SAMN09989117,Paenibacillus pinisoli,Bacillota,Bacilli,Caryophanales,Paenibacillaceae,Paenibacillus,cellular organisms; Bacteria; Bacillati; Bacillota; Bacilli; Caryophanales; Paenibacillaceae; Paenibacillus,2013,Surface soil,South Korea,Paenibacillus pinisoli JCM 19203,resultados/YcaO/neighborhoods/WP_120110419_1.fasta,,,,,,
WP_116047351.1,2.0,Paenibacillus paeoniae,TOMM precursor leader peptide-binding protein,False,RefSeq,Paenibacillus paeoniae,M4BSY-1,GCF_003388735.1,NZ_QUBQ01000003.1,SAMN09766050,Paenibacillus paeoniae,Bacillota,Bacilli,Caryophanales,Paenibacillaceae,Paenibacillus,cellular organisms; Bacteria; Bacillati; Bacillota; Bacilli; Caryophanales; Paenibacillaceae; Paenibacillus,2017-07-01,plant,China:Guizhou,Paenibacillus sp. isolated from plant,resultados/YcaO/neighborhoods/WP_116047351_1.fasta,,,,,,
WP_087567509.1,2.0,Paenibacillus sp. MY03,TOMM precursor leader peptide-binding protein,False,RefSeq,Paenibacillus sp. MY03,MY03,GCF_002165585.1,NZ_MXQD01000007.1,SAMN06349740,Paenibacillus sp. MY03,Bacillota,Bacilli,Caryophanales,Paenibacillaceae,Paenibacillus,cellular organisms; Bacteria; Bacillati; Bacillota; Bacilli; Caryophanales; Paenibacillaceae; Paenibacillus; unclassified Paenibacillus,2006-04,,"China: mianyang, Sichuan",MIGS Cultured Bacterial/Archaeal sample from Paenibacillus sp. MY03,resultados/YcaO/neighborhoods/WP_087567509_1.fasta,forest park,soil,forest,,32.45 N 104.05 E,
WP_433945045.1,2.0,Paenibacillus sp. SN-8-1,TOMM precursor leader peptide-binding protein,False,RefSeq,Paenibacillus sp. SN-8-1,SN-8-1,GCF_050995535.1,NZ_CP194782.1,SAMN48884712,Paenibacillus sp. SN-8-1,Bacillota,Bacilli,Caryophanales,Paenibacillaceae,Paenibacillus,cellular organisms; Bacteria; Bacillati; Bacillota; Bacilli; Caryophanales; Paenibacillaceae; Paenibacillus; unclassified Paenibacillus,2022-03,soil,China: Anhui,Microbe sample from Aliirhizobium wenxiniae,resultados/YcaO/neighborhoods/WP_433945045_1.fasta,,,,,,
WP_009676366.1,5.0,Paenibacillus sp. HGF7; Paenibacillus sp. HGH0039,TOMM precursor leader peptide-binding protein,False,RefSeq,Paenibacillus sp. HGF7,HGF7,GCF_000214295.1,NZ_AFDH01000121.1,SAMN00195299,Paenibacillus sp. HGF7,Bacillota,Bacilli,Caryophanales,Paenibacillaceae,Paenibacillus,cellular organisms; Bacteria; Bacillati; Bacillota; Bacilli; Caryophanales; Paenibacillaceae; Paenibacillus; unclassified Paenibacillus,not determined,,not determined,MIGS Cultured Bacterial/Archaeal sample from Paenibacillus sp. HGF7,resultados/YcaO/neighborhoods/WP_009676366_1.fasta,human-associated habitat [ENVO:00009003],biological product [ENVO:02000043],terrestrial biome [ENVO:00000446],Homo sapiens,not determined,
WP_046681616.1,2.0,Paenibacillus sp. DMB20,TOMM precursor leader peptide-binding protein,False,RefSeq,Paenibacillus sp. DMB20,DMB20,GCF_000987955.1,NZ_LAZU01000056.1,SAMN03485799,Paenibacillus sp. DMB20,Bacillota,Bacilli,Caryophanales,Paenibacillaceae,Paenibacillus,cellular organisms; Bacteria; Bacillati; Bacillota; Bacilli; Caryophanales; Paenibacillaceae; Paenibacillus; unclassified Paenibacillus,2013-06-06,Alang ship breaking yard,India: Bhavnagar,Microbe sample from Paenibacillus sp. DMB20,resultados/YcaO/neighborhoods/WP_046681616_1.fasta,,,,,,
WP_481856752.1,1.0,Paenibacillus sp. N3/727,TOMM precursor leader peptide-binding protein,False,RefSeq,Paenibacillus sp. N3/727,N3/727,GCF_022637315.1,NZ_CP093336.1,SAMN26520716,Paenibacillus sp. N3/727,Bacillota,Bacilli,Caryophanales,Paenibacillaceae,Paenibacillus,cellular organisms; Bacteria; Bacillati; Bacillota; Bacilli; Caryophanales; Paenibacillaceae; Paenibacillus; unclassified Paenibacillus,2008-06,peat soil,Germany: long-term fertilization experiment Paulinenaue,Microbe sample from Paenibacillus sp. N3/727,resultados/YcaO/neighborhoods/WP_481856752_1.fasta,,,,,,
WP_340006100.1,2.0,Paenibacillus sp. FSL K6-0276,TOMM precursor leader peptide-binding protein,False,RefSeq,Paenibacillus sp. FSL K6-0276,,GCF_037977235.1,NZ_CP150276.1,SAMN25893916,Paenibacillus sp. FSL K6-0276,Bacillota,Bacilli,Caryophanales,Paenibacillaceae,Paenibacillus,cellular organisms; Bacteria; Bacillati; Bacillota; Bacilli; Caryophanales; Paenibacillaceae; Paenibacillus; unclassified Paenibacillus,not collected,Teat-swab,not applicable,WGS of Bacilli,resultados/YcaO/neighborhoods/WP_340006100_1.fasta,,,,not applicable,,
WP_271342263.1,2.0,Bacillus changyiensis,TOMM precursor leader peptide-binding protein,False,RefSeq,Bacillus changyiensis,CLL-7-23,GCF_027988015.1,NZ_JAQKAB010000017.1,SAMN32210673,Bacillus changyiensis,Bacillota,Bacilli,Caryophanales,Bacillaceae,Bacillus,cellular organisms; Bacteria; Bacillati; Bacillota; Bacilli; Caryophanales; Bacillaceae; Bacillus,2018-08,coastal deposit,China:Changyi,Microbe sample from Bacillus changyiensis,resultados/YcaO/neighborhoods/WP_271342263_1.fasta,,,,,,
WP_006636650.1,74.0,Bacillus paralicheniformis; Bacillus sonorensis; Bacillus sonorensis L12; Bacillus sonorensis NBRC 101234 = KCTC 13918; Bacillus sp. (in: firmicutes); Bacillus sp. FSL W8-0940; Bacillus sp. KICET-3; Bacillus sp. KRF7; Bacillus sp. PM8313,TOMM precursor leader peptide-binding protein,False,RefSeq,Bacillus sonorensis L12,L12,GCF_000342105.1,NZ_AOFM01000003.1,SAMN02471705,Bacillus sonorensis L12,Bacillota,Bacilli,Caryophanales,Bacillaceae,Bacillus,cellular organisms; Bacteria; Bacillati; Bacillota; Bacilli; Caryophanales; Bacillaceae; Bacillus; Bacillus subtilis group; Bacillus sonorensis,,milk- and legume-based primary starters used for Gergoush production,Sudan: Khartoum,Sample from Bacillus sonorensis L12,resultados/YcaO/neighborhoods/WP_006636650_1.fasta,,,,,,
WP_046129743.1,19.0,Bacillus glycinifermentans; Bacillus sp. FSL K6-0138; Bacillus sp. FSL M8-0052; Bacillus sp. FSL M8-0168; Bacillus sp. IG6; Bacillus sp. JJ353; Bacillus sp. TH008,TOMM precursor leader peptide-binding protein,False,RefSeq,Bacillus glycinifermentans,SRCM103574,GCF_004103615.1,NZ_CP035232.1,SAMN10754282,Bacillus glycinifermentans,Bacillota,Bacilli,Caryophanales,Bacillaceae,Bacillus,cellular organisms; Bacteria; Bacillati; Bacillota; Bacilli; Caryophanales; Bacillaceae; Bacillus,2018,food,South Korea,Microbe sample from Bacillus glycinifermentans,resultados/YcaO/neighborhoods/WP_046129743_1.fasta,,,,,,
WP_409445018.1,6.0,Bacillus sp. z60-10; Bacillus sp. z60-11; Bacillus sp. z60-18,TOMM precursor leader peptide-binding protein,False,RefSeq,Bacillus sp. z60-11,z60-11,GCF_046464135.1,NZ_JBIYSN010000001.1,SAMN44565430,Bacillus sp. z60-11,Bacillota,Bacilli,Caryophanales,Bacillaceae,Bacillus,cellular organisms; Bacteria; Bacillati; Bacillota; Bacilli; Caryophanales; Bacillaceae; Bacillus; unclassified Bacillus (in: firmicutes),2009-07-07,hot spring water,China,Microbe sample from Bacillus sp. z60-11,resultados/YcaO/neighborhoods/WP_409445018_1.fasta,,,,,,
WP_307893770.1,1.0,Bacillus swezeyi,TOMM precursor leader peptide-binding protein,False,RefSeq,Bacillus swezeyi,EA208,GCF_030908325.1,NZ_CP133085.1,SAMN37015269,Bacillus swezeyi,Bacillota,Bacilli,Caryophanales,Bacillaceae,Bacillus,cellular organisms; Bacteria; Bacillati; Bacillota; Bacilli; Caryophanales; Bacillaceae; Bacillus,2023-03-02,soil,China: Inner Mongolia,Microbe sample from Bacillus swezeyi,resultados/YcaO/neighborhoods/WP_307893770_1.fasta,,,,,,
WP_095289919.1,10.0,Bacillus paralicheniformis,TOMM precursor leader peptide-binding protein,False,RefSeq,Bacillus paralicheniformis,CP47,GCF_031326025.1,NZ_CP133705.1,SAMN37220621,Bacillus paralicheniformis,Bacillota,Bacilli,Caryophanales,Bacillaceae,Bacillus,cellular organisms; Bacteria; Bacillati; Bacillota; Bacilli; Caryophanales; Bacillaceae; Bacillus; Bacillus subtilis group,2018-01,Soybean fermented food,South Korea: Busan,Microbe sample from Bacillus paralicheniformis,resultados/YcaO/neighborhoods/WP_095289919_1.fasta,,,,,,
WP_326142141.1,2.0,Bacillus paralicheniformis,TOMM precursor leader peptide-binding protein,False,RefSeq,Bacillus paralicheniformis,B-41824,GCF_035808755.1,NZ_JARSGU010000047.1,SAMN33940627,Bacillus paralicheniformis,Bacillota,Bacilli,Caryophanales,Bacillaceae,Bacillus,cellular organisms; Bacteria; Bacillati; Bacillota; Bacilli; Caryophanales; Bacillaceae; Bacillus; Bacillus subtilis group,2006-12-05,soil,Antarctica,Microbe sample from Bacillus paralicheniformis,resultados/YcaO/neighborhoods/WP_326142141_1.fasta,,,,,,
WP_421652894.1,2.0,Chryseobacillus diguaensis,TOMM precursor leader peptide-binding protein,False,RefSeq,Chryseobacillus diguaensis,RGM 3146,GCF_049220665.1,NZ_JBMKNV010000011.1,SAMN46920961,Chryseobacillus diguaensis,Bacillota,Bacilli,Caryophanales,Bacillaceae,Chryseobacillus,cellular organisms; Bacteria; Bacillati; Bacillota; Bacilli; Caryophanales; Bacillaceae; Chryseobacillus,2019-08-28,soil,Chile: Parral,Microbe sample from Chryseobacillus diguaensis,resultados/YcaO/neighborhoods/WP_421652894_1.fasta,,,,,36.291400 S 71.535567 W,
WP_155113495.1,2.0,Metabacillus mangrovi,TOMM precursor leader peptide-binding protein,False,RefSeq,Metabacillus mangrovi,KCTC 33872,GCF_009711125.1,NZ_WMIB01000021.1,SAMN13326190,Metabacillus mangrovi,Bacillota,Bacilli,Caryophanales,Bacillaceae,Metabacillus,cellular organisms; Bacteria; Bacillati; Bacillota; Bacilli; Caryophanales; Bacillaceae; Metabacillus,2015,mangrove forest,India: Andhra Pradesh,Microbe sample from Metabacillus mangrovi,resultados/YcaO/neighborhoods/WP_155113495_1.fasta,,,,,16.8798 N 82.2481 E,
WP_338780278.1,2.0,Metabacillus sediminis,TOMM precursor leader peptide-binding protein,False,RefSeq,Metabacillus sediminis,FJAT-52054,GCF_037201815.1,NZ_CP147407.1,SAMN39644992,Metabacillus sediminis,Bacillota,Bacilli,Caryophanales,Bacillaceae,Metabacillus,cellular organisms; Bacteria; Bacillati; Bacillota; Bacilli; Caryophanales; Bacillaceae; Metabacillus,2019-05-29,marine sediment,China: Fujian,Microbe sample from Metabacillus sediminis,resultados/YcaO/neighborhoods/WP_338780278_1.fasta,,,,sediment,,
WP_123913988.1,2.0,Bacillus sp. FJAT-42376,TOMM precursor leader peptide-binding protein,False,RefSeq,Bacillus sp. FJAT-42376,FJAT-42376,GCF_003816055.1,NZ_CP033906.1,SAMN07249159,Bacillus sp. FJAT-42376,Bacillota,Bacilli,Caryophanales,Bacillaceae,Bacillus,cellular organisms; Bacteria; Bacillati; Bacillota; Bacilli; Caryophanales; Bacillaceae; Bacillus; unclassified Bacillus (in: firmicutes),2016,soil,China,Microbe sample from Bacillus sp. FJAT-42376,resultados/YcaO/neighborhoods/WP_123913988_1.fasta,,,,,,
WP_256233886.1,2.0,Bacillus sp. EB600,TOMM precursor leader peptide-binding protein,False,RefSeq,Bacillus sp. EB600,EB600,GCF_024494385.1,NZ_JAEVLT010000001.1,SAMN17606703,Bacillus sp. EB600,Bacillota,Bacilli,Caryophanales,Bacillaceae,Bacillus,cellular organisms; Bacteria; Bacillati; Bacillota; Bacilli; Caryophanales; Bacillaceae; Bacillus; unclassified Bacillus (in: firmicutes),2015-08,compost,Germany,Microbe sample from Bacillus sp. EB600,resultados/YcaO/neighborhoods/WP_256233886_1.fasta,,,,,,
WP_308173812.1,2.0,Neobacillus sp. PS3-12,TOMM precursor leader peptide-binding protein,False,RefSeq,Neobacillus sp. PS3-12,PS3-12,GCF_030915385.1,NZ_CP133268.1,SAMN36999280,Neobacillus sp. PS3-12,Bacillota,Bacilli,Caryophanales,Bacillaceae,Neobacillus,cellular organisms; Bacteria; Bacillati; Bacillota; Bacilli; Caryophanales; Bacillaceae; Neobacillus; unclassified Neobacillus,2021-12-29,,South Korea: Iksan,MIGS Cultured Bacterial/Archaeal sample from Neobacillus sp. PS3-12,resultados/YcaO/neighborhoods/WP_308173812_1.fasta,rice paddy field,clay soil,agricultural field,,35.55 N 126.58 E,
MDP4154369.1,1.0,Bacillota bacterium,TOMM precursor leader peptide-binding protein,False,GenBank/INSDC,Bacillota bacterium,,GCA_030705895.1,JAUZPP010000029.1,SAMN33777502,Bacillota bacterium,Bacillota,,,,,cellular organisms; Bacteria; Bacillati; Bacillota; unclassified Bacillota,2016-07,7d patty soil,"China: AnShun, Guizhou",MIMAG Metagenome-assembled Genome sample from Bacillota bacterium,resultados/YcaO/neighborhoods/MDP4154369_1.fasta,paddy soil,straw,paddy soil,,26.05 N 105.77 E,
WP_342488814.1,2.0,Cytobacillus sp. FSL W7-1323,TOMM precursor leader peptide-binding protein,False,RefSeq,Cytobacillus sp. FSL W7-1323,FSL W7-1323,GCF_038595015.1,NZ_CP151998.1,SAMN26232503,Cytobacillus sp. FSL W7-1323,Bacillota,Bacilli,Caryophanales,Bacillaceae,Cytobacillus,cellular organisms; Bacteria; Bacillati; Bacillota; Bacilli; Caryophanales; Bacillaceae; Cytobacillus; unclassified Cytobacillus,not collected,manure,not applicable,WGS of Bacilli,resultados/YcaO/neighborhoods/WP_342488814_1.fasta,,,,not applicable,,
MIG9749637.1,2.0,Niallia sp. CD-39,TOMM precursor leader peptide-binding protein,False,GenBank/INSDC,Niallia sp. CD-39,CD-39,GCA_059874745.1,JCBCPS010000001.1,SAMN61662019,Niallia sp. CD-39,Bacillota,Bacilli,Caryophanales,Bacillaceae,Niallia,cellular organisms; Bacteria; Bacillati; Bacillota; Bacilli; Caryophanales; Bacillaceae; Niallia; unclassified Niallia,2025-12,soil,"China:jiangxi,ganzhou",Microbe sample from Niallia sp. CD-39,resultados/YcaO/neighborhoods/MIG9749637_1.fasta,,,,,,
WP_428912341.1,2.0,Niallia sp. Kr1,TOMM precursor leader peptide-binding protein,False,RefSeq,Niallia sp. Kr1,Kr1,GCF_050389805.1,NZ_CP130945.1,SAMN36726514,Niallia sp. Kr1,Bacillota,Bacilli,Caryophanales,Bacillaceae,Niallia,cellular organisms; Bacteria; Bacillati; Bacillota; Bacilli; Caryophanales; Bacillaceae; Niallia; unclassified Niallia,2021-08-05,Geothermal fluids,Iceland: Krafla,Microbe sample from Niallia sp. Kr1,resultados/YcaO/neighborhoods/WP_428912341_1.fasta,,,,,65.704025 N 16.774554 W,
WP_251556452.1,2.0,Mesobacillus maritimus,TOMM precursor leader peptide-binding protein,False,RefSeq,Mesobacillus maritimus,MER TA 152,GCF_023715205.1,NZ_JAMBNR010000002.1,SAMN28071818,Mesobacillus maritimus,Bacillota,Bacilli,Caryophanales,Bacillaceae,Mesobacillus,cellular organisms; Bacteria; Bacillati; Bacillota; Bacilli; Caryophanales; Bacillaceae; Mesobacillus,2013-07-17,spacecraft surface,USA,Microbe sample from Mesobacillus maritimus,resultados/YcaO/neighborhoods/WP_251556452_1.fasta,,,,,,
MFZ0443857.1,1.0,Bacillus sp. (in: firmicutes),TOMM precursor leader peptide-binding protein,False,GenBank/INSDC,Bacillus sp. (in: firmicutes),,GCA_049282255.1,JBAPTS010000077.1,SAMN40007800,Bacillus sp. (in: firmicutes),Bacillota,Bacilli,Caryophanales,Bacillaceae,Bacillus,cellular organisms; Bacteria; Bacillati; Bacillota; Bacilli; Caryophanales; Bacillaceae; Bacillus; unclassified Bacillus (in: firmicutes),2020-04-20,Soil from Natural Coastal,Denmark,NA,resultados/YcaO/neighborhoods/MFZ0443857_1.fasta,Natural Coastal,Natural Coastal,Soil,,55.59104 N 10.20191 E,
WP_338472432.1,2.0,Niallia sp. XMNu-256,TOMM precursor leader peptide-binding protein,False,RefSeq,Niallia sp. XMNu-256,XMNu-256,GCF_036670015.1,NZ_CP137636.1,SAMN37916202,Niallia sp. XMNu-256,Bacillota,Bacilli,Caryophanales,Bacillaceae,Niallia,cellular organisms; Bacteria; Bacillati; Bacillota; Bacilli; Caryophanales; Bacillaceae; Niallia; unclassified Niallia,2018-09-09,salt pond,"China: Hebei province, Zhangjiakou",Microbe sample from Niallia locisalis,resultados/YcaO/neighborhoods/WP_338472432_1.fasta,,,,,,
WP_216831344.1,1.0,Alkalihalobacterium elongatum,TOMM precursor leader peptide-binding protein,False,RefSeq,Alkalihalobacterium elongatum,MEB199,GCF_019024285.1,NZ_WMKZ01000032.1,SAMN13318591,Alkalihalobacterium elongatum,Bacillota,Bacilli,Caryophanales,Bacillaceae,Alkalihalobacterium,cellular organisms; Bacteria; Bacillati; Bacillota; Bacilli; Caryophanales; Bacillaceae; Alkalihalobacterium,2010-10-01,Lonar lake sediment,India,Microbe sample from Alkalihalobacterium elongatum,resultados/YcaO/neighborhoods/WP_216831344_1.fasta,,,,,,
WP_230896616.1,2.0,Salipaludibacillus sp. CUR1,TOMM precursor leader peptide-binding protein,False,RefSeq,Salipaludibacillus sp. CUR1,CUR1,GCF_021028955.1,NZ_JAIWPE010000040.1,SAMN18347004,Salipaludibacillus sp. CUR1,Bacillota,Bacilli,Caryophanales,Bacillaceae,Salipaludibacillus,cellular organisms; Bacteria; Bacillati; Bacillota; Bacilli; Caryophanales; Bacillaceae; Salipaludibacillus; unclassified Salipaludibacillus,2019-01-20,soda lake,India: Jaipur,Microbe sample from Salipaludibacillus sp.,resultados/YcaO/neighborhoods/WP_230896616_1.fasta,,,,,,
WP_373648050.1,2.0,Halalkalibacter sp. AB-rgal2,TOMM precursor leader peptide-binding protein,False,RefSeq,Halalkalibacter sp. AB-rgal2,AB-rgal2,GCF_041821005.1,NZ_JBGUAV010000021.1,SAMN43145798,Halalkalibacter sp. AB-rgal2,Bacillota,Bacilli,Caryophanales,Bacillaceae,Halalkalibacter,cellular organisms; Bacteria; Bacillati; Bacillota; Bacilli; Caryophanales; Bacillaceae; Halalkalibacter; unclassified Halalkalibacter,2022-07,Mixed surface oxic sediment and brine sample from hypersaline soda lakes,"Russia: Altai Region, Kulunda Steppe",Microbe sample from Halalkalibacter sp. AB-rgal2,resultados/YcaO/neighborhoods/WP_373648050_1.fasta,,,,,,
MBU8907506.1,2.0,Desertibacillus haloalkaliphilus,TOMM precursor leader peptide-binding protein,False,GenBank/INSDC,Desertibacillus haloalkaliphilus,KJ1-10-99,GCA_019039105.1,JAHPIV010000010.1,SAMN19104772,Desertibacillus haloalkaliphilus,Bacillota,Bacilli,Caryophanales,Bacillaceae,Desertibacillus,cellular organisms; Bacteria; Bacillati; Bacillota; Bacilli; Caryophanales; Bacillaceae; Desertibacillus,2012-09-02,Desert soil,"India: Jogad area, Little Rann of Kutch, Gujarat",Microbe sample from Desertibacillus haloalkaliphilus,resultados/YcaO/neighborhoods/MBU8907506_1.fasta,,,,,,
WP_335963767.1,2.0,Halalkalibacter kiskunsagensis,TOMM precursor leader peptide-binding protein,False,RefSeq,Halalkalibacter kiskunsagensis,DSM 29791,GCF_037027555.1,NZ_JAXBLX010000062.1,SAMN38340054,Halalkalibacter kiskunsagensis,Bacillota,Bacilli,Caryophanales,Bacillaceae,Halalkalibacter,cellular organisms; Bacteria; Bacillati; Bacillota; Bacilli; Caryophanales; Bacillaceae; Halalkalibacter,2013-09,soil,Hungary: National Park,Microbe sample from Halalkalibacter kiskunsagensis,resultados/YcaO/neighborhoods/WP_335963767_1.fasta,,,,,,
WP_078427656.1,1.0,Alkalihalobacterium alkalinitrilicum,TOMM precursor leader peptide-binding protein,False,RefSeq,Alkalihalobacterium alkalinitrilicum,DSM 22532,GCF_002019605.1,NZ_KV917368.1,SAMN05934485,Alkalihalobacterium alkalinitrilicum,Bacillota,Bacilli,Caryophanales,Bacillaceae,Alkalihalobacterium,cellular organisms; Bacteria; Bacillati; Bacillota; Bacilli; Caryophanales; Bacillaceae; Alkalihalobacterium,2009-01-01,soda solonchak soil,Russia,Microbe sample from Alkalihalobacterium alkalinitrilicum,resultados/YcaO/neighborhoods/WP_078427656_1.fasta,,,,,,
WP_441422930.1,2.0,Anaerobacillus sp. MEB173,TOMM precursor leader peptide-binding protein,False,RefSeq,Anaerobacillus sp. MEB173,MEB173,GCF_052119505.1,NZ_JBJMAU010000010.1,SAMN45087831,Anaerobacillus sp. MEB173,Bacillota,Bacilli,Caryophanales,Bacillaceae,Anaerobacillus,cellular organisms; Bacteria; Bacillati; Bacillota; Bacilli; Caryophanales; Bacillaceae; Anaerobacillus; unclassified Anaerobacillus,2011-09-27,,India: Lonar,MIGS Cultured Bacterial/Archaeal sample from Anaerobacillus sp. MEB173,resultados/YcaO/neighborhoods/WP_441422930_1.fasta,Lonar Lake sediment,Sediment,Lonar Lake,,19.58 N 76.30 E,
WP_048824044.1,2.0,Bacillus sp. B-jedd,TOMM precursor leader peptide-binding protein,False,RefSeq,Bacillus sp. B-jedd,B-jedd,GCF_000821085.1,NZ_CCXR01000001.1,SAMEA2784367,Bacillus sp. B-jedd,Bacillota,Bacilli,Caryophanales,Bacillaceae,Bacillus,cellular organisms; Bacteria; Bacillati; Bacillota; Bacilli; Caryophanales; Bacillaceae; Bacillus; unclassified Bacillus (in: firmicutes),,human gut,not provided,Human gut genome,resultados/YcaO/neighborhoods/WP_048824044_1.fasta,human gut,,human-associated habitat,,,
WP_316571384.1,1.0,Neobacillus sp. YIM B06451,TOMM precursor leader peptide-binding protein,False,RefSeq,Neobacillus sp. YIM B06451,YIM B06451,GCF_032667185.1,NZ_JAVFKJ010000010.1,SAMN37055143,Neobacillus sp. YIM B06451,Bacillota,Bacilli,Caryophanales,Bacillaceae,Neobacillus,cellular organisms; Bacteria; Bacillati; Bacillota; Bacilli; Caryophanales; Bacillaceae; Neobacillus; unclassified Neobacillus,2022-05,soil,China,Microbe sample from Neobacillus sp. YIM B06451,resultados/YcaO/neighborhoods/WP_316571384_1.fasta,,,,,,
WP_118919025.1,2.0,Neobacillus notoginsengisoli,TOMM precursor leader peptide-binding protein,False,RefSeq,Neobacillus notoginsengisoli,JCM 30743,GCF_003515685.1,NZ_QWEG01000001.1,SAMN09901141,Neobacillus notoginsengisoli,Bacillota,Bacilli,Caryophanales,Bacillaceae,Neobacillus,cellular organisms; Bacteria; Bacillati; Bacillota; Bacilli; Caryophanales; Bacillaceae; Neobacillus,2017,soil,China: Yunnan Province,Microbe sample from Neobacillus notoginsengisoli,resultados/YcaO/neighborhoods/WP_118919025_1.fasta,,,,,,
WP_095313795.1,2.0,Bacillus sp. 7504-2; Robertmurraya siralis,TOMM precursor leader peptide-binding protein,False,RefSeq,Robertmurraya siralis,171544,GCF_005502275.1,NZ_SWLZ01000019.1,SAMN11519462,Robertmurraya siralis,Bacillota,Bacilli,Caryophanales,Bacillaceae,Robertmurraya,cellular organisms; Bacteria; Bacillati; Bacillota; Bacilli; Caryophanales; Bacillaceae; Robertmurraya,1999-11,silage,Germany,Microbe sample from Robertmurraya siralis,resultados/YcaO/neighborhoods/WP_095313795_1.fasta,,,,,,
MHC0037995.1,2.0,Pseudoneobacillus rhizolycopersici,TOMM precursor leader peptide-binding protein,False,GenBank/INSDC,Pseudoneobacillus rhizolycopersici,C159,GCA_054786815.1,JBTOOE010000013.1,SAMN54605737,Pseudoneobacillus rhizolycopersici,Bacillota,Bacilli,Caryophanales,Bacillaceae,Pseudoneobacillus,cellular organisms; Bacteria; Bacillati; Bacillota; Bacilli; Caryophanales; Bacillaceae; Pseudoneobacillus,2021-05-21,tomato rhizosphere soil,"China: Maonan District, Maoming City, Guangdong Province",Microbe sample from Pseudoneobacillus rhizolycopersici,resultados/YcaO/neighborhoods/MHC0037995_1.fasta,,,,,,
RDU38064.1,2.0,Neobacillus piezotolerans,bacteriocin biosynthesis protein SagD,False,GenBank/INSDC,Neobacillus piezotolerans,YLB-04,GCA_003362805.1,QNQT01000001.1,SAMN09531617,Neobacillus piezotolerans,Bacillota,Bacilli,Caryophanales,Bacillaceae,Neobacillus,cellular organisms; Bacteria; Bacillati; Bacillota; Bacilli; Caryophanales; Bacillaceae; Neobacillus,2017,deep sea sediment,Pacific Ocean,Microbe sample from Neobacillus piezotolerans,resultados/YcaO/neighborhoods/RDU38064_1.fasta,,,,,,
WP_059173150.1,1.0,Bacillus sp. FJAT-27445,TOMM precursor leader peptide-binding protein,False,RefSeq,Bacillus sp. FJAT-27445,FJAT-27445,GCF_001510665.1,NZ_LMTI01000005.1,SAMN04102801,Bacillus sp. FJAT-27445,Bacillota,Bacilli,Caryophanales,Bacillaceae,Bacillus,cellular organisms; Bacteria; Bacillati; Bacillota; Bacilli; Caryophanales; Bacillaceae; Bacillus; unclassified Bacillus (in: firmicutes),2014-12-01,soil,China:Yunnan,Microbe sample from Bacillus sp. FJAT-27445,resultados/YcaO/neighborhoods/WP_059173150_1.fasta,,,,,,
WP_409274892.1,2.0,Neobacillus oceani,TOMM precursor leader peptide-binding protein,False,RefSeq,Neobacillus oceani,SCS-31,GCF_046237595.1,NZ_CP143543.1,SAMN39489481,Neobacillus oceani,Bacillota,Bacilli,Caryophanales,Bacillaceae,Neobacillus,cellular organisms; Bacteria; Bacillati; Bacillota; Bacilli; Caryophanales; Bacillaceae; Neobacillus,2021-08-18,marine sediment,China:South China Sea,Microbe sample from Neobacillus oceani,resultados/YcaO/neighborhoods/WP_409274892_1.fasta,,,,,,
WP_066202683.1,2.0,Bacillus sp. FJAT-27225,TOMM precursor leader peptide-binding protein,False,RefSeq,Bacillus sp. FJAT-27225,FJAT-27225,GCF_001685025.1,NZ_MAYU01000022.1,SAMN05003852,Bacillus sp. FJAT-27225,Bacillota,Bacilli,Caryophanales,Bacillaceae,Bacillus,cellular organisms; Bacteria; Bacillati; Bacillota; Bacilli; Caryophanales; Bacillaceae; Bacillus; unclassified Bacillus (in: firmicutes),2014,soil,China: Heilongjiang,Microbe sample from Bacillus sp. FJAT-27225,resultados/YcaO/neighborhoods/WP_066202683_1.fasta,,,,,,
WP_075980571.1,1.0,Bacillus massilinigeriensis,TOMM precursor leader peptide-binding protein,False,RefSeq,Bacillus massilinigeriensis,Marseille-P2348T,GCF_900117315.1,NZ_LT630337.1,SAMEA4534506,Bacillus massilinigeriensis,Bacillota,Bacilli,Caryophanales,Bacillaceae,Bacillus,cellular organisms; Bacteria; Bacillati; Bacillota; Bacilli; Caryophanales; Bacillaceae; Bacillus,,human gut,not provided,Human gut genome,resultados/YcaO/neighborhoods/WP_075980571_1.fasta,human gut,,human-associated habitat,,,
WP_240257101.1,2.0,Ferdinandcohnia quinoae,TOMM precursor leader peptide-binding protein,False,RefSeq,Ferdinandcohnia quinoae,SECRCQ15,GCF_022427965.1,NZ_JAKTTI010000035.1,SAMN26011952,Ferdinandcohnia quinoae,Bacillota,Bacilli,Caryophanales,Bacillaceae,Ferdinandcohnia,cellular organisms; Bacteria; Bacillati; Bacillota; Bacilli; Caryophanales; Bacillaceae; Ferdinandcohnia,2019-10-01,seeds,"Spain: Ciudad Rodrigo, Salamanca",Microbe sample from Fredinandcohnia quinoae,resultados/YcaO/neighborhoods/WP_240257101_1.fasta,,,,Chenopodium quinoa,,
WP_307409558.1,2.0,Neobacillus ginsengisoli,TOMM precursor leader peptide-binding protein,False,RefSeq,Neobacillus ginsengisoli,DSM 27594,GCF_030813055.1,NZ_JAUSTW010000005.1,SAMN18242909,Neobacillus ginsengisoli,Bacillota,Bacilli,Caryophanales,Bacillaceae,Neobacillus,cellular organisms; Bacteria; Bacillati; Bacillota; Bacilli; Caryophanales; Bacillaceae; Neobacillus,missing,missing,missing,Bacillus ginsengisoli DSM 27594,resultados/YcaO/neighborhoods/WP_307409558_1.fasta,missing,missing,missing,not applicable,missing,
WP_416826221.1,1.0,Ectobacillus polymachus,TOMM precursor leader peptide-binding protein,False,RefSeq,Ectobacillus polymachus,NBRC 110614,GCF_048159605.1,NZ_JBLREB010000001.1,SAMN46760759,Ectobacillus polymachus,Bacillota,Bacilli,Caryophanales,Bacillaceae,Ectobacillus,cellular organisms; Bacteria; Bacillati; Bacillota; Bacilli; Caryophanales; Bacillaceae; Ectobacillus,2024-08-26,forest topsoil,South Korea,Microbe sample from Ectobacillus polymachus,resultados/YcaO/neighborhoods/WP_416826221_1.fasta,,,,,,
WP_379968269.1,1.0,Ectobacillus soli,TOMM precursor leader peptide-binding protein,False,RefSeq,Ectobacillus soli,sgz5001026,GCF_042610425.1,NZ_JBGJZM010000001.1,SAMN43111441,Ectobacillus soli,Bacillota,Bacilli,Caryophanales,Bacillaceae,Ectobacillus,cellular organisms; Bacteria; Bacillati; Bacillota; Bacilli; Caryophanales; Bacillaceae; Ectobacillus,2024-04-26,paddy soil,China,Microbe sample from Ectobacillus soli,resultados/YcaO/neighborhoods/WP_379968269_1.fasta,,,,,,
WP_166026058.1,2.0,Neobacillus terrae,TOMM precursor leader peptide-binding protein,False,RefSeq,Neobacillus terrae,C11,GCF_011393025.1,NZ_JAAOEO010000005.1,SAMN14299276,Neobacillus terrae,Bacillota,Bacilli,Caryophanales,Bacillaceae,Neobacillus,cellular organisms; Bacteria; Bacillati; Bacillota; Bacilli; Caryophanales; Bacillaceae; Neobacillus,2019-11-12,soil,South Korea:Gangwon-do,Microbe sample from Neobacillus terrae,resultados/YcaO/neighborhoods/WP_166026058_1.fasta,,,,,,
WP_097160670.1,3.0,Bacillus oleivorans,TOMM precursor leader peptide-binding protein,False,RefSeq,Bacillus oleivorans,JC228,GCF_900207585.1,NZ_OAOP01000014.1,SAMN05877753,Bacillus oleivorans,Bacillota,Bacilli,Caryophanales,Bacillaceae,Bacillus,cellular organisms; Bacteria; Bacillati; Bacillota; Bacilli; Caryophanales; Bacillaceae; Bacillus,missing,missing,missing,Bacillus sp. JC228,resultados/YcaO/neighborhoods/WP_097160670_1.fasta,missing,missing,missing,not applicable,missing,
WP_243355304.1,1.0,Bacillus litorisediminis,TOMM precursor leader peptide-binding protein,False,RefSeq,Bacillus litorisediminis,FJAT-47835,GCF_022808785.1,NZ_JAKZKU010000018.1,SAMN26329906,Bacillus litorisediminis,Bacillota,Bacilli,Caryophanales,Bacillaceae,Bacillus,cellular organisms; Bacteria; Bacillati; Bacillota; Bacilli; Caryophanales; Bacillaceae; Bacillus,2022-02-01,mangrove sediments,China,Microbe sample from Bacillus litorisediminis,resultados/YcaO/neighborhoods/WP_243355304_1.fasta,,,,,,
WP_203557025.1,2.0,Bacillus sp. B15-48,TOMM precursor leader peptide-binding protein,False,RefSeq,Bacillus sp. B15-48,B15-48,GCF_016879755.1,NZ_WOFU01000009.1,SAMN13420636,Bacillus sp. B15-48,Bacillota,Bacilli,Caryophanales,Bacillaceae,Bacillus,cellular organisms; Bacteria; Bacillati; Bacillota; Bacilli; Caryophanales; Bacillaceae; Bacillus; unclassified Bacillus (in: firmicutes),2013-09-16,lake sediment,Hungary: Kiskunsag National Park,Microbe sample from Bacillus alkalilimosus B15-48,resultados/YcaO/neighborhoods/WP_203557025_1.fasta,,,,,,
WP_377878078.1,2.0,Bacillus sp. CGMCC 1.16607,TOMM precursor leader peptide-binding protein,False,RefSeq,Bacillus sp. CGMCC 1.16607,CGMCC 1.16607,GCF_042683745.1,NZ_JBHUJX010000021.1,SAMN43282477,Bacillus sp. CGMCC 1.16607,Bacillota,Bacilli,Caryophanales,Bacillaceae,Bacillus,cellular organisms; Bacteria; Bacillati; Bacillota; Bacilli; Caryophanales; Bacillaceae; Bacillus; unclassified Bacillus (in: firmicutes),2021,missing,missing,Microbe sample from Bacillus sp. CGMCC 1.16607,resultados/YcaO/neighborhoods/WP_377878078_1.fasta,,,,,,
WP_338448435.1,2.0,Niallia oryzisoli,TOMM precursor leader peptide-binding protein,False,RefSeq,Niallia oryzisoli,DSM 29761,GCF_036670025.1,NZ_CP137640.1,SAMN37916534,Niallia oryzisoli,Bacillota,Bacilli,Caryophanales,Bacillaceae,Niallia,cellular organisms; Bacteria; Bacillati; Bacillota; Bacilli; Caryophanales; Bacillaceae; Niallia,2012,DSMZ-German Collection of Microorganisms and Cell Cultures GmbH,"China: Hunan province, Qiyang",Microbe sample from Niallia oryzisoli DSM 29761,resultados/YcaO/neighborhoods/WP_338448435_1.fasta,,,,,,
WP_117326912.1,2.0,Peribacillus saganii,TOMM precursor leader peptide-binding protein,False,RefSeq,Peribacillus saganii,V47-23a,GCF_003429095.1,NZ_QVTE01000032.1,SAMN09870239,Peribacillus saganii,Bacillota,Bacilli,Caryophanales,Bacillaceae,Peribacillus,cellular organisms; Bacteria; Bacillati; Bacillota; Bacilli; Caryophanales; Bacillaceae; Peribacillus,1975,clean room in the vehicle assembly building where the viking spacecraft were assembled,USA: Kennedy Space Center,Microbe sample from Peribacillus saganii,resultados/YcaO/neighborhoods/WP_117326912_1.fasta,,,,,,
HYK73881.1,1.0,Pseudoneobacillus sp.,TOMM precursor leader peptide-binding protein,False,GenBank/INSDC,Pseudoneobacillus sp.,,GCA_035631415.1,DASQIV010000490.1,SAMN37945592,Pseudoneobacillus sp.,Bacillota,Bacilli,Caryophanales,Bacillaceae,Pseudoneobacillus,cellular organisms; Bacteria; Bacillati; Bacillota; Bacilli; Caryophanales; Bacillaceae; Pseudoneobacillus; unclassified Pseudoneobacillus,not collected,soil,Netherlands,MIMAG Metagenome-assembled Genome sample from Pseudoneobacillus sp.,resultados/YcaO/neighborhoods/HYK73881_1.fasta,Agricultural Land,Agricultural Land,soil biome [ENVO:01001044],,52.0105 N 5.7818 E,
WP_488313931.1,2.0,Neobacillus sp. DFD-2R,TOMM precursor leader peptide-binding protein,False,RefSeq,Neobacillus sp. DFD-2R,DFD-2R,GCF_057747865.1,NZ_CM173228.1,SAMN59907339,Neobacillus sp. DFD-2R,Bacillota,Bacilli,Caryophanales,Bacillaceae,Neobacillus,cellular organisms; Bacteria; Bacillati; Bacillota; Bacilli; Caryophanales; Bacillaceae; Neobacillus; unclassified Neobacillus,2025-06-09,soil,South Korea:Jeonju,Microbe sample from Neobacillus sp. DFD-2R,resultados/YcaO/neighborhoods/WP_488313931_1.fasta,,,,,,
WP_403071455.1,2.0,Peribacillus sp. NPDC096379,TOMM precursor leader peptide-binding protein,False,RefSeq,Peribacillus sp. NPDC096379,NPDC096379,GCF_044762875.1,NZ_JBIWFD010000001.1,SAMN43998061,Peribacillus sp. NPDC096379,Bacillota,Bacilli,Caryophanales,Bacillaceae,Peribacillus,cellular organisms; Bacteria; Bacillati; Bacillota; Bacilli; Caryophanales; Bacillaceae; Peribacillus; unclassified Peribacillus,not applicable,,not applicable,MIGS Cultured Bacterial/Archaeal sample from Peribacillus sp. NPDC096379,resultados/YcaO/neighborhoods/WP_403071455_1.fasta,not applicable,not applicable,not applicable,,not applicable,
WP_015591994.1,2.0,Bacillus sp. 1NLA3E,TOMM precursor leader peptide-binding protein,False,RefSeq,Bacillus sp. 1NLA3E,1NLA3E,GCF_000242895.2,NC_021171.1,SAMN02598535,Bacillus sp. 1NLA3E,Bacillota,Bacilli,Caryophanales,Bacillaceae,Bacillus,cellular organisms; Bacteria; Bacillati; Bacillota; Bacilli; Caryophanales; Bacillaceae; Bacillus; unclassified Bacillus (in: firmicutes),,,,Sample from Bacillus sp. 1NLA3E,resultados/YcaO/neighborhoods/WP_015591994_1.fasta,,,,,,
NEU32503.1,1.0,bacterium LRH843,TOMM precursor leader peptide-binding protein,False,GenBank/INSDC,bacterium LRH843,LRH843,GCA_010692825.1,JAAIFC010000011.1,SAMN13439360,bacterium LRH843,,,,,,cellular organisms; Bacteria; unclassified Bacteria,2018-09,sediment sample,Pacific Ocean,Bacillus sp. LRH843 isolated from a sediment sample,resultados/YcaO/neighborhoods/NEU32503_1.fasta,,,,,17.85 N 148.77 E,
WP_328231265.1,2.0,Schinkia azotoformans,TOMM precursor leader peptide-binding protein,False,RefSeq,Schinkia azotoformans,NRS-1753,GCF_036221085.1,NZ_JARTFG010000010.1,SAMN33941127,Schinkia azotoformans,Bacillota,Bacilli,Caryophanales,Bacillaceae,Schinkia,cellular organisms; Bacteria; Bacillati; Bacillota; Bacilli; Caryophanales; Bacillaceae; Calidifontibacillus/Schinkia group; Schinkia,1978-06-01,not collected,not collected,Microbe sample from Schinkia azotoformans,resultados/YcaO/neighborhoods/WP_328231265_1.fasta,,,,,,
WP_256240891.1,2.0,Bacillus sp. V3B,TOMM precursor leader peptide-binding protein,False,RefSeq,Bacillus sp. V3B,V3B,GCF_024494465.1,NZ_JAETXM010000004.1,SAMN17478686,Bacillus sp. V3B,Bacillota,Bacilli,Caryophanales,Bacillaceae,Bacillus,cellular organisms; Bacteria; Bacillati; Bacillota; Bacilli; Caryophanales; Bacillaceae; Bacillus; unclassified Bacillus (in: firmicutes),2011-09,evaporation pond of a saltern,Spain,Microbe sample from Bacillus sp. V3B,resultados/YcaO/neighborhoods/WP_256240891_1.fasta,,,,,,
WP_342431230.1,2.0,Neobacillus sp. FSL H8-0543,TOMM precursor leader peptide-binding protein,False,RefSeq,Neobacillus sp. FSL H8-0543,FSL H8-0543,GCF_038592905.1,NZ_CP151943.1,SAMN29228824,Neobacillus sp. FSL H8-0543,Bacillota,Bacilli,Caryophanales,Bacillaceae,Neobacillus,cellular organisms; Bacteria; Bacillati; Bacillota; Bacilli; Caryophanales; Bacillaceae; Neobacillus; unclassified Neobacillus,not collected,soil,not applicable,WGS of Bacilli,resultados/YcaO/neighborhoods/WP_342431230_1.fasta,,,,not applicable,,
WP_066255848.1,3.0,Neobacillus drentensis,TOMM precursor leader peptide-binding protein,False,RefSeq,Neobacillus drentensis,DSM 15600,GCF_055810755.1,NZ_CM147946.1,SAMN56344085,Neobacillus drentensis,Bacillota,Bacilli,Caryophanales,Bacillaceae,Neobacillus,cellular organisms; Bacteria; Bacillati; Bacillota; Bacilli; Caryophanales; Bacillaceae; Neobacillus,2003-05-13,soil,Netherlands: near Anloo,"Neobacillus drentensis DSM 15600, type strain, whole genome sequencing sample",resultados/YcaO/neighborhoods/WP_066255848_1.fasta,,,,,,
WP_119116690.1,2.0,Peribacillus asahii,TOMM precursor leader peptide-binding protein,False,RefSeq,Peribacillus asahii,MA001,GCF_003570725.1,NZ_QWVS01000014.1,SAMN09934868,Peribacillus asahii,Bacillota,Bacilli,Caryophanales,Bacillaceae,Peribacillus,cellular organisms; Bacteria; Bacillati; Bacillota; Bacilli; Caryophanales; Bacillaceae; Peribacillus,2004,soil,Japan: Shizuoka,Microbe sample from Peribacillus asahii,resultados/YcaO/neighborhoods/WP_119116690_1.fasta,,,,,,
WP_252295250.1,2.0,Peribacillus asahii,TOMM precursor leader peptide-binding protein,False,RefSeq,Peribacillus asahii,CMF4,GCF_023823935.1,NZ_CP085717.1,SAMN22304405,Peribacillus asahii,Bacillota,Bacilli,Caryophanales,Bacillaceae,Peribacillus,cellular organisms; Bacteria; Bacillati; Bacillota; Bacilli; Caryophanales; Bacillaceae; Peribacillus,2016-10,soil,China,Microbe sample from Peribacillus asahii,resultados/YcaO/neighborhoods/WP_252295250_1.fasta,,,,,,
WP_464507387.1,2.0,Neobacillus sp. B24,TOMM precursor leader peptide-binding protein,False,RefSeq,Neobacillus sp. B24,B24,GCF_055381825.1,NZ_AP035777.1,SAMD00790298,Neobacillus sp. B24,Bacillota,Bacilli,Caryophanales,Bacillaceae,Neobacillus,cellular organisms; Bacteria; Bacillati; Bacillota; Bacilli; Caryophanales; Bacillaceae; Neobacillus; unclassified Neobacillus,2023-04,bark compost,Japan,Neobacillus sp. B24 isolated from bark compost,resultados/YcaO/neighborhoods/WP_464507387_1.fasta,,,,,,
WP_262304841.1,2.0,Neobacillus niacini,TOMM precursor leader peptide-binding protein,False,RefSeq,Neobacillus niacini,MER531,GCF_023715785.1,NZ_JAMBOX010000005.1,SAMN28071786,Neobacillus niacini,Bacillota,Bacilli,Caryophanales,Bacillaceae,Neobacillus,cellular organisms; Bacteria; Bacillati; Bacillota; Bacilli; Caryophanales; Bacillaceae; Neobacillus,2004-04-21,spacecraft surface,USA,Microbe sample from Neobacillus niacini,resultados/YcaO/neighborhoods/WP_262304841_1.fasta,,,,,,
WP_066308054.1,1.0,Bacillus sp. FJAT-29814,TOMM precursor leader peptide-binding protein,False,RefSeq,Bacillus sp. FJAT-29814,FJAT-29814,GCF_001510715.1,NZ_LMTJ01000003.1,SAMN04102798,Bacillus sp. FJAT-29814,Bacillota,Bacilli,Caryophanales,Bacillaceae,Bacillus,cellular organisms; Bacteria; Bacillati; Bacillota; Bacilli; Caryophanales; Bacillaceae; Bacillus; unclassified Bacillus (in: firmicutes),2015-02-01,soil,China:Fujian,Microbe sample from Bacillus sp. FJAT-29814,resultados/YcaO/neighborhoods/WP_066308054_1.fasta,,,,,,
WP_462412891.1,1.0,Neobacillus camarae,TOMM precursor leader peptide-binding protein,False,RefSeq,Neobacillus camarae,Marseille-QA0830,GCF_054950115.1,NZ_JBUCKX010000004.1,SAMN53736989,Neobacillus camarae,Bacillota,Bacilli,Caryophanales,Bacillaceae,Neobacillus,cellular organisms; Bacteria; Bacillati; Bacillota; Bacilli; Caryophanales; Bacillaceae; Neobacillus,2024,Breast milk,Senegal,Microbe sample from Neobacillus camarae,resultados/YcaO/neighborhoods/WP_462412891_1.fasta,,,,Homo sapiens,,
WP_042461349.1,1.0,Neobacillus dielmonensis,TOMM precursor leader peptide-binding protein,False,RefSeq,Neobacillus dielmonensis,FF4,GCF_000612665.1,NZ_HG942074.1,SAMEA3138970,Neobacillus dielmonensis,Bacillota,Bacilli,Caryophanales,Bacillaceae,Neobacillus,cellular organisms; Bacteria; Bacillati; Bacillota; Bacilli; Caryophanales; Bacillaceae; Neobacillus,,,,GCA_000612665,resultados/YcaO/neighborhoods/WP_042461349_1.fasta,,,,,,
WP_307286092.1,2.0,Bacillus sp. SORGH_AS_0510,TOMM precursor leader peptide-binding protein,False,RefSeq,Bacillus sp. SORGH_AS_0510,SORGH_AS_0510,GCF_030818775.1,NZ_JAUTAU010000001.1,SAMN34265295,Bacillus sp. SORGH_AS_0510,Bacillota,Bacilli,Caryophanales,Bacillaceae,Bacillus,cellular organisms; Bacteria; Bacillati; Bacillota; Bacilli; Caryophanales; Bacillaceae; Bacillus; unclassified Bacillus (in: firmicutes),missing,missing,USA: Texas,Bacillus sp. SORGH_AS 510,resultados/YcaO/neighborhoods/WP_307286092_1.fasta,missing,missing,missing,not applicable,missing,
WP_173068079.1,2.0,Neobacillus endophyticus,TOMM precursor leader peptide-binding protein,False,RefSeq,Neobacillus endophyticus,BRMEA1,GCA_013248975.1,JABRWH010000001.1,SAMN14986670,Neobacillus endophyticus,Bacillota,Bacilli,Caryophanales,Bacillaceae,Neobacillus,cellular organisms; Bacteria; Bacillati; Bacillota; Bacilli; Caryophanales; Bacillaceae; Neobacillus,2018-09-03,root,South Korea,Microbe sample from Neobacillus endophyticus,resultados/YcaO/neighborhoods/WP_173068079_1.fasta,,,,Selaginella selaginoides,,
WP_310177614.1,2.0,Neobacillus niacini,TOMM precursor leader peptide-binding protein,False,RefSeq,Neobacillus niacini,3240,GCF_031456445.1,NZ_JAVDUQ010000035.1,SAMN18243568,Neobacillus niacini,Bacillota,Bacilli,Caryophanales,Bacillaceae,Neobacillus,cellular organisms; Bacteria; Bacillati; Bacillota; Bacilli; Caryophanales; Bacillaceae; Neobacillus,missing,missing,USA: Nebraska,Neobacillus niacini 3240,resultados/YcaO/neighborhoods/WP_310177614_1.fasta,missing,missing,missing,not applicable,41.1613 N 96.4243 W,
WP_071355272.1,2.0,Bacillus sp. MUM 116,TOMM precursor leader peptide-binding protein,False,RefSeq,Bacillus sp. MUM 116,MUM 116,GCF_001866655.1,NZ_MLYR01000029.1,SAMN05915830,Bacillus sp. MUM 116,Bacillota,Bacilli,Caryophanales,Bacillaceae,Bacillus,cellular organisms; Bacteria; Bacillati; Bacillota; Bacilli; Caryophanales; Bacillaceae; Bacillus; unclassified Bacillus (in: firmicutes),2015-01,mangrove,Malaysia,Microbe sample from Bacillus sp. MUM 116,resultados/YcaO/neighborhoods/WP_071355272_1.fasta,,,,,,
WP_133335353.1,2.0,Bacillus salipaludis,TOMM precursor leader peptide-binding protein,False,RefSeq,Bacillus salipaludis,WN066,GCF_004358205.1,NZ_SMYO01000006.1,SAMN11124436,Bacillus salipaludis,Bacillota,Bacilli,Caryophanales,Bacillaceae,Bacillus,cellular organisms; Bacteria; Bacillati; Bacillota; Bacilli; Caryophanales; Bacillaceae; Bacillus,2017-06-01,saline-alkaline soil,China:Tianjin,Microbe sample from Bacillus salipaludis,resultados/YcaO/neighborhoods/WP_133335353_1.fasta,,,,,,
WP_458413335.1,2.0,Schinkia acidoalkalinis,TOMM precursor leader peptide-binding protein,False,RefSeq,Schinkia acidoalkalinis,CFF1,GCF_054301215.1,NZ_CP182573.1,SAMN46737148,Schinkia acidoalkalinis,Bacillota,Bacilli,Caryophanales,Bacillaceae,Schinkia,cellular organisms; Bacteria; Bacillati; Bacillota; Bacilli; Caryophanales; Bacillaceae; Calidifontibacillus/Schinkia group; Schinkia,2025-02-08,,USA,C1,resultados/YcaO/neighborhoods/WP_458413335_1.fasta,agricultural,Soil,agricultural,,not applicable,
GHI00462.1,2.0,Neobacillus kokaensis,hypothetical protein,True,GenBank/INSDC,Neobacillus kokaensis,missing,GCA_014656545.1,BNDS01000023.1,SAMD00244798,Neobacillus kokaensis,Bacillota,Bacilli,Caryophanales,Bacillaceae,Neobacillus,cellular organisms; Bacteria; Bacillati; Bacillota; Bacilli; Caryophanales; Bacillaceae; Neobacillus,1975,,Japan:Shiga,Bacterium derived from soil,resultados/YcaO/neighborhoods/GHI00462_1.fasta,not collected,soil,not collected,,not collected,
WP_127484440.1,3.0,Neobacillus mesonae,TOMM precursor leader peptide-binding protein,False,RefSeq,Neobacillus mesonae,H20-5,GCF_003999735.1,NZ_CP022572.1,SAMN07414821,Neobacillus mesonae,Bacillota,Bacilli,Caryophanales,Bacillaceae,Neobacillus,cellular organisms; Bacteria; Bacillati; Bacillota; Bacilli; Caryophanales; Bacillaceae; Neobacillus,2004,,South Korea,Complete genome sequence of Bacillus mesonae H20-5,resultados/YcaO/neighborhoods/WP_127484440_1.fasta,bulk soil,soil cultivated with Lactuca sativa,agricultural soil,,37.468677 N 127.542828 E,
WP_378582455.1,2.0,Neobacillus sp. GCM10023253,TOMM precursor leader peptide-binding protein,False,RefSeq,Neobacillus sp. GCM10023253,CGMCC 1.19064,GCF_042653105.1,NZ_JBHSHV010000006.1,SAMN43282987,Neobacillus sp. GCM10023253,Bacillota,Bacilli,Caryophanales,Bacillaceae,Neobacillus,cellular organisms; Bacteria; Bacillati; Bacillota; Bacilli; Caryophanales; Bacillaceae; Neobacillus; unclassified Neobacillus,2023,missing,missing,Microbe sample from Neobacillus sp. GCM10023253,resultados/YcaO/neighborhoods/WP_378582455_1.fasta,,,,,,
WP_024030399.1,4.0,Neobacillus vireti; Neobacillus vireti LMG 21834,TOMM precursor leader peptide-binding protein,False,RefSeq,Neobacillus vireti LMG 21834,LMG 21834,GCF_000508325.2,NZ_ALAN01000122.1,SAMN02471784,Neobacillus vireti LMG 21834,Bacillota,Bacilli,Caryophanales,Bacillaceae,Neobacillus,cellular organisms; Bacteria; Bacillati; Bacillota; Bacilli; Caryophanales; Bacillaceae; Neobacillus; Neobacillus vireti,,agricultural soil from Anlooer Diepje brook,Netherlands: Drenthe,Sample from Neobacillus vireti LMG 21834,resultados/YcaO/neighborhoods/WP_024030399_1.fasta,,,,,,
WP_129729220.1,1.0,Ectobacillus funiculus,TOMM precursor leader peptide-binding protein,False,RefSeq,Ectobacillus funiculus,W18-2,GCF_004138295.1,NZ_SCFM01000029.1,SAMN10734934,Ectobacillus funiculus,Bacillota,Bacilli,Caryophanales,Bacillaceae,Ectobacillus,cellular organisms; Bacteria; Bacillati; Bacillota; Bacilli; Caryophanales; Bacillaceae; Ectobacillus,2018-10-10,rhizosphere soil,China,Microbe sample from Ectobacillus funiculus,resultados/YcaO/neighborhoods/WP_129729220_1.fasta,,,,Miscanthus sinensis,,
WP_144568270.1,2.0,Neobacillus bataviensis,TOMM precursor leader peptide-binding protein,False,RefSeq,Neobacillus bataviensis,2482,GCF_007828895.1,NZ_VIVN01000022.1,SAMN11512333,Neobacillus bataviensis,Bacillota,Bacilli,Caryophanales,Bacillaceae,Neobacillus,cellular organisms; Bacteria; Bacillati; Bacillota; Bacilli; Caryophanales; Bacillaceae; Neobacillus,missing,missing,missing,Bacillus bataviensis 2482,resultados/YcaO/neighborhoods/WP_144568270_1.fasta,missing,missing,missing,not applicable,missing,
WP_335503957.1,2.0,Neobacillus vireti,TOMM precursor leader peptide-binding protein,False,RefSeq,Neobacillus vireti,JJ405,GCF_036962465.1,NZ_JBALNF010000036.1,SAMN40001913,Neobacillus vireti,Bacillota,Bacilli,Caryophanales,Bacillaceae,Neobacillus,cellular organisms; Bacteria; Bacillati; Bacillota; Bacilli; Caryophanales; Bacillaceae; Neobacillus,2014,rhizoplane,USA: Nebraska,Microbe sample from Neobacillus vireti,resultados/YcaO/neighborhoods/WP_335503957_1.fasta,,,,soybean,,
WP_488128489.1,2.0,Lederbergia sp. B263.17,TOMM precursor leader peptide-binding protein,False,RefSeq,Lederbergia sp. B263.17,B263.17,GCF_057657915.1,NZ_JBWBKE010000049.1,SAMN56456809,Lederbergia sp. B263.17,Bacillota,Bacilli,Caryophanales,Bacillaceae,Lederbergia,cellular organisms; Bacteria; Bacillati; Bacillota; Bacilli; Caryophanales; Bacillaceae; Lederbergia; unclassified Lederbergia,2017,Pharmaceutical industry facility,Brazil:Rio de Janeiro,Pathogen: environmental/food/other sample from Lederbergia sp. B263.17,resultados/YcaO/neighborhoods/WP_488128489_1.fasta,,,,,22.90785251 S 43.20054132 W,
WP_207450710.1,2.0,Bacillus sp. SD088,TOMM precursor leader peptide-binding protein,False,RefSeq,Bacillus sp. SD088,SD088,GCF_017355205.1,NZ_JADIJK010000011.1,SAMN16555347,Bacillus sp. SD088,Bacillota,Bacilli,Caryophanales,Bacillaceae,Bacillus,cellular organisms; Bacteria; Bacillati; Bacillota; Bacilli; Caryophanales; Bacillaceae; Bacillus; unclassified Bacillus (in: firmicutes),2015,,"USA: Wind Cave National Park, South Dakota",MIGS Cultured Bacterial/Archaeal sample from Bacillus sp. SD088,resultados/YcaO/neighborhoods/WP_207450710_1.fasta,[ENVO:00012408],[ENVO:00005792],[ENVO:00000067]|[ENVO:00012408],,43.57 N 103.44 W,
WP_209973508.1,2.0,Lederbergia galactosidilytica,TOMM precursor leader peptide-binding protein,False,RefSeq,Lederbergia galactosidilytica,DSM 15595,GCF_017873565.1,NZ_JAGGKH010000005.1,SAMN18247786,Lederbergia galactosidilytica,Bacillota,Bacilli,Caryophanales,Bacillaceae,Lederbergia,cellular organisms; Bacteria; Bacillati; Bacillota; Bacilli; Caryophanales; Bacillaceae; Lederbergia,missing,missing,missing,Bacillus galactosidilyticus DSM 15595,resultados/YcaO/neighborhoods/WP_209973508_1.fasta,missing,missing,missing,not applicable,missing,
WP_269411479.1,1.0,Lentibacillus daqui,TOMM precursor leader peptide-binding protein,False,RefSeq,Lentibacillus daqui,ZS110521,GCF_027186265.1,NZ_CP114176.1,SAMN25084784,Lentibacillus daqui,Bacillota,Bacilli,Caryophanales,Bacillaceae,Lentibacillus,cellular organisms; Bacteria; Bacillati; Bacillota; Bacilli; Caryophanales; Bacillaceae; Lentibacillus,2021-05-01,High-temperature daqu,China:Maotai town,Microbe sample from Lentibacillus daqui,resultados/YcaO/neighborhoods/WP_269411479_1.fasta,,,,Jiuqu,,
WP_213139593.1,2.0,Bacillus sp. FJAT-50079,TOMM precursor leader peptide-binding protein,False,RefSeq,Bacillus sp. FJAT-50079,FJAT-50079,GCF_018343515.1,NZ_JAGYPD010000009.1,SAMN19008749,Bacillus sp. FJAT-50079,Bacillota,Bacilli,Caryophanales,Bacillaceae,Bacillus,cellular organisms; Bacteria; Bacillati; Bacillota; Bacilli; Caryophanales; Bacillaceae; Bacillus; unclassified Bacillus (in: firmicutes),2018-08-15,rhizosphere soil,China:Zhangzhou,Microbe sample from Bacillus sp. FJAT-50079,resultados/YcaO/neighborhoods/WP_213139593_1.fasta,,,,citrus,,
WP_335713934.1,2.0,Neobacillus drentensis,TOMM precursor leader peptide-binding protein,False,RefSeq,Neobacillus drentensis,JJ1276,GCF_036965425.1,NZ_JBALPP010000055.1,SAMN40001838,Neobacillus drentensis,Bacillota,Bacilli,Caryophanales,Bacillaceae,Neobacillus,cellular organisms; Bacteria; Bacillati; Bacillota; Bacilli; Caryophanales; Bacillaceae; Neobacillus,2014,rhizoplane,USA: Illinois,Microbe sample from Neobacillus drentensis,resultados/YcaO/neighborhoods/WP_335713934_1.fasta,,,,corn,,
WP_380772463.1,2.0,Siminovitchia sediminis,TOMM precursor leader peptide-binding protein,False,RefSeq,Siminovitchia sediminis,CGMCC 1.12412,GCF_042680885.1,NZ_JBHUEO010000005.1,SAMN43282649,Siminovitchia sediminis,Bacillota,Bacilli,Caryophanales,Bacillaceae,Siminovitchia,cellular organisms; Bacteria; Bacillati; Bacillota; Bacilli; Caryophanales; Bacillaceae; Siminovitchia,2022,missing,missing,Microbe sample from Siminovitchia sediminis,resultados/YcaO/neighborhoods/WP_380772463_1.fasta,,,,,,
WP_126051897.1,2.0,Siminovitchia acidinfaciens,TOMM precursor leader peptide-binding protein,False,RefSeq,Siminovitchia acidinfaciens,3-2-2,GCF_003605385.1,NZ_QYTV02000009.1,SAMN10060575,Siminovitchia acidinfaciens,Bacillota,Bacilli,Caryophanales,Bacillaceae,Siminovitchia,cellular organisms; Bacteria; Bacillati; Bacillota; Bacilli; Caryophanales; Bacillaceae; Siminovitchia,2016-10-06,soil,"China: Henan Province, Nanyang City",Bacillus sp. strain 3-2-2,resultados/YcaO/neighborhoods/WP_126051897_1.fasta,,,,,,
WP_191815135.1,2.0,Bacillus norwichensis,TOMM precursor leader peptide-binding protein,False,RefSeq,Bacillus norwichensis,Sa1BUA2,GCF_014836955.1,NZ_JACSPV010000040.1,SAMN15803237,Bacillus norwichensis,Bacillota,Bacilli,Caryophanales,Bacillaceae,Bacillus,cellular organisms; Bacteria; Bacillati; Bacillota; Bacilli; Caryophanales; Bacillaceae; Bacillus,2020-02-04,,United Kingdom: Norwich,Bnor-Sa1BUA2,resultados/YcaO/neighborhoods/WP_191815135_1.fasta,,,,Gallus gallus,,
WP_144463642.1,9.0,Siminovitchia fortis,TOMM precursor leader peptide-binding protein,False,RefSeq,Siminovitchia fortis,DE0583,GCF_007671835.1,NZ_VDTW01000083.1,SAMN11792743,Siminovitchia fortis,Bacillota,Bacilli,Caryophanales,Bacillaceae,Siminovitchia,cellular organisms; Bacteria; Bacillati; Bacillota; Bacilli; Caryophanales; Bacillaceae; Siminovitchia,2018-09-01,environmental,"USA: North Carolina, Durham",Microbe sample from Siminovitchia fortis,resultados/YcaO/neighborhoods/WP_144463642_1.fasta,,,,not applicable,,
WP_018709274.1,3.0,Bacillus sp. (in: firmicutes); Siminovitchia fordii; Siminovitchia fordii DSM 16014 = CIP 108821,TOMM precursor leader peptide-binding protein,False,RefSeq,Siminovitchia fordii DSM 16014 = CIP 108821,DSM 16014,GCF_000374565.1,NZ_KB894726.1,SAMN02441018,Siminovitchia fordii DSM 16014 = CIP 108821,Bacillota,Bacilli,Caryophanales,Bacillaceae,Siminovitchia,cellular organisms; Bacteria; Bacillati; Bacillota; Bacilli; Caryophanales; Bacillaceae; Siminovitchia; Siminovitchia fordii,missing,,Belgium,Generic sample from Bacillus fordii DSM 16014,resultados/YcaO/neighborhoods/WP_018709274_1.fasta,,,,,51.39385 N 4.592228 E,
WP_120116116.1,2.0,Siminovitchia terrae,TOMM precursor leader peptide-binding protein,False,RefSeq,Siminovitchia terrae,LMG 29736,GCF_003605405.2,NZ_QYTW02000003.1,SAMN10077956,Siminovitchia terrae,Bacillota,Bacilli,Caryophanales,Bacillaceae,Siminovitchia,cellular organisms; Bacteria; Bacillati; Bacillota; Bacilli; Caryophanales; Bacillaceae; Siminovitchia,not collected,rhizosphere soil of Cistus ladanifer plants,not applicable,Bacillus terrae RA9 LMG29736,resultados/YcaO/neighborhoods/WP_120116116_1.fasta,,,,,,
WP_464499899.1,2.0,Neobacillus sp. Fa239,TOMM precursor leader peptide-binding protein,False,RefSeq,Neobacillus sp. Fa239,Fa239,GCF_055395235.1,NZ_AP041611.1,SAMD01574884,Neobacillus sp. Fa239,Bacillota,Bacilli,Caryophanales,Bacillaceae,Neobacillus,cellular organisms; Bacteria; Bacillati; Bacillota; Bacilli; Caryophanales; Bacillaceae; Neobacillus; unclassified Neobacillus,2023-03-15,,"Japan:Mie, Komono",Draft genome of Neobacillus sp. strain fa239,resultados/YcaO/neighborhoods/WP_464499899_1.fasta,rural roadside soil,soil,terrestrial biome,,35.01 N 136.51 E,
WP_090635197.1,2.0,Neobacillus massiliamazoniensis,TOMM precursor leader peptide-binding protein,False,RefSeq,Neobacillus massiliamazoniensis,LF1,GCF_001048695.1,NZ_CVRB01000003.1,SAMEA3402918,Neobacillus massiliamazoniensis,Bacillota,Bacilli,Caryophanales,Bacillaceae,Neobacillus,cellular organisms; Bacteria; Bacillati; Bacillota; Bacilli; Caryophanales; Bacillaceae; Neobacillus,,,,Bacillus_massilioamazoniensis,resultados/YcaO/neighborhoods/WP_090635197_1.fasta,,,,,,
WP_435556161.1,2.0,Neobacillus solisequens,TOMM precursor leader peptide-binding protein,False,RefSeq,Neobacillus solisequens,LXY-1,GCF_051233465.1,NZ_JBKFGJ010000021.1,SAMN44693667,Neobacillus solisequens,Bacillota,Bacilli,Caryophanales,Bacillaceae,Neobacillus,cellular organisms; Bacteria; Bacillati; Bacillota; Bacilli; Caryophanales; Bacillaceae; Neobacillus,2024,soil,China,Microbe sample from Neobacillus solisequens,resultados/YcaO/neighborhoods/WP_435556161_1.fasta,,,,,,
WP_309866557.1,2.0,Bacillus sp. SLBN-46,TOMM precursor leader peptide-binding protein,False,RefSeq,Bacillus sp. SLBN-46,SLBN-46,GCF_031453555.1,NZ_JAVIZM010000001.1,SAMN34353133,Bacillus sp. SLBN-46,Bacillota,Bacilli,Caryophanales,Bacillaceae,Bacillus,cellular organisms; Bacteria; Bacillati; Bacillota; Bacilli; Caryophanales; Bacillaceae; Bacillus; unclassified Bacillus (in: firmicutes),missing,missing,USA: California,Bacillus sp. SLBN-46,resultados/YcaO/neighborhoods/WP_309866557_1.fasta,missing,missing,missing,not applicable,38.5376 N 121.7644 W,
WP_213126922.1,2.0,Lederbergia citri,TOMM precursor leader peptide-binding protein,False,RefSeq,Lederbergia citri,FJAT-49780,GCF_018343625.1,NZ_JAGYPG010000005.1,SAMN19008746,Lederbergia citri,Bacillota,Bacilli,Caryophanales,Bacillaceae,Lederbergia,cellular organisms; Bacteria; Bacillati; Bacillota; Bacilli; Caryophanales; Bacillaceae; Lederbergia,2018-08-15,rhizosphere soil,China:Zhangzhou,Microbe sample from Lederbergia citri,resultados/YcaO/neighborhoods/WP_213126922_1.fasta,,,,citrus,,
WP_409972123.1,2.0,Cytobacillus sp. Bva_UNVM-123,TOMM precursor leader peptide-binding protein,False,RefSeq,Cytobacillus sp. Bva_UNVM-123,123,GCF_046351715.2,NZ_CM177772.1,SAMN18815149,Cytobacillus sp. Bva_UNVM-123,Bacillota,Bacilli,Caryophanales,Bacillaceae,Cytobacillus,cellular organisms; Bacteria; Bacillati; Bacillota; Bacilli; Caryophanales; Bacillaceae; Cytobacillus; unclassified Cytobacillus,2016-10,soil,Argentina,Microbe sample from Cytobacillus sp. Bva_UNVM-123,resultados/YcaO/neighborhoods/WP_409972123_1.fasta,,,,,,
WP_221847011.1,2.0,Bacillus sp. S/N-304-OC-R1,TOMM precursor leader peptide-binding protein,False,RefSeq,Bacillus sp. S/N-304-OC-R1,S/N-304-OC-R1,GCF_019749375.1,NZ_JACWFE010000016.1,SAMN15543682,Bacillus sp. S/N-304-OC-R1,Bacillota,Bacilli,Caryophanales,Bacillaceae,Bacillus,cellular organisms; Bacteria; Bacillati; Bacillota; Bacilli; Caryophanales; Bacillaceae; Bacillus; unclassified Bacillus (in: firmicutes),2017-03-06,SpX11/RR5 Outisde cage,USA,Microbe sample from Bacillus sp. S/N-304-OC-R1,resultados/YcaO/neighborhoods/WP_221847011_1.fasta,,,,,,
WP_251571072.1,2.0,Neobacillus cucumis,TOMM precursor leader peptide-binding protein,False,RefSeq,Neobacillus cucumis,TA 76,GCF_023715505.1,NZ_JAMBOH010000022.1,SAMN28071802,Neobacillus cucumis,Bacillota,Bacilli,Caryophanales,Bacillaceae,Neobacillus,cellular organisms; Bacteria; Bacillati; Bacillota; Bacilli; Caryophanales; Bacillaceae; Neobacillus,2004-02-17,spacecraft surface,USA,Microbe sample from Neobacillus cucumis,resultados/YcaO/neighborhoods/WP_251571072_1.fasta,,,,,,
WP_476028277.1,2.0,Bacillus sp. URHA0034,TOMM precursor leader peptide-binding protein,False,RefSeq,Bacillus sp. URHA0034,URHA0034,GCF_056280405.1,NZ_JBWCDK010000002.1,SAMN55954516,Bacillus sp. URHA0034,Bacillota,Bacilli,Caryophanales,Bacillaceae,Bacillus,cellular organisms; Bacteria; Bacillati; Bacillota; Bacilli; Caryophanales; Bacillaceae; Bacillus; unclassified Bacillus (in: firmicutes),missing,,"USA: Hopland Research and Extension Center, California",Bacillus sp. URHA0034,resultados/YcaO/neighborhoods/WP_476028277_1.fasta,,,,not applicable,39.0006446 N 123.0824317 W,
WP_308109758.1,2.0,Neobacillus sp. OS1-2,TOMM precursor leader peptide-binding protein,False,RefSeq,Neobacillus sp. OS1-2,OS1-2,GCF_030915505.1,NZ_CP133265.1,SAMN36999284,Neobacillus sp. OS1-2,Bacillota,Bacilli,Caryophanales,Bacillaceae,Neobacillus,cellular organisms; Bacteria; Bacillati; Bacillota; Bacilli; Caryophanales; Bacillaceae; Neobacillus; unclassified Neobacillus,2023-08-12,,South Korea: Iksan,MIGS Cultured Bacterial/Archaeal sample from Neobacillus sp. OS1-2,resultados/YcaO/neighborhoods/WP_308109758_1.fasta,apple orchard field,clay soil,agricultural field,,35.58 N 127.03 E,
WP_251472053.1,2.0,Neobacillus mesonae,TOMM precursor leader peptide-binding protein,False,RefSeq,Neobacillus mesonae,MER TA 107,GCF_023715155.1,NZ_JAMBNQ010000026.1,SAMN28071820,Neobacillus mesonae,Bacillota,Bacilli,Caryophanales,Bacillaceae,Neobacillus,cellular organisms; Bacteria; Bacillati; Bacillota; Bacilli; Caryophanales; Bacillaceae; Neobacillus,2013-08-09,spacecraft surface,USA,Microbe sample from Neobacillus mesonae,resultados/YcaO/neighborhoods/WP_251472053_1.fasta,,,,,,
WP_149871263.1,4.0,Bacillus sp. S3; Neobacillus sp. 19,TOMM precursor leader peptide-binding protein,False,RefSeq,Bacillus sp. S3,S3,GCF_005154805.1,NZ_CP039727.1,SAMN11475527,Bacillus sp. S3,Bacillota,Bacilli,Caryophanales,Bacillaceae,Bacillus,cellular organisms; Bacteria; Bacillati; Bacillota; Bacilli; Caryophanales; Bacillaceae; Bacillus; unclassified Bacillus (in: firmicutes),2017-03-30,Contaminated Mine Soils,China: Hunan,Microbe sample from Bacillus sp. S3,resultados/YcaO/neighborhoods/WP_149871263_1.fasta,,,,,,
WP_490210862.1,1.0,Neobacillus sp. SRL179,TOMM precursor leader peptide-binding protein,False,RefSeq,Neobacillus sp. SRL179,,GCF_984799095.1,NZ_OZ481792.1,SAMEA118781403,Neobacillus sp. SRL179,Bacillota,Bacilli,Caryophanales,Bacillaceae,Neobacillus,cellular organisms; Bacteria; Bacillati; Bacillota; Bacilli; Caryophanales; Bacillaceae; Neobacillus; unclassified Neobacillus,2019-10-29,,Greece,Microbe isolated from the root of Olea europaea,resultados/YcaO/neighborhoods/WP_490210862_1.fasta,,endophyte (ECOCORE:00000046),olive grove (ENVO:00000193),Olea europaea,,
WP_310192601.1,2.0,Neobacillus niacini,TOMM precursor leader peptide-binding protein,False,RefSeq,Neobacillus niacini,BE203,GCF_031457145.1,NZ_JAVDVZ010000002.1,SAMN18242897,Neobacillus niacini,Bacillota,Bacilli,Caryophanales,Bacillaceae,Neobacillus,cellular organisms; Bacteria; Bacillati; Bacillota; Bacilli; Caryophanales; Bacillaceae; Neobacillus,missing,missing,USA: Ithaca,Neobacillus niacini BE203,resultados/YcaO/neighborhoods/WP_310192601_1.fasta,missing,missing,missing,not applicable,42.444 N 76.5019 W,
WP_236331319.1,2.0,Pseudalkalibacillus berkeleyi,TOMM precursor leader peptide-binding protein,False,RefSeq,Pseudalkalibacillus berkeleyi,KCTC 12718,GCF_021608225.1,NZ_JAKIJS010000001.1,SAMN25013768,Pseudalkalibacillus berkeleyi,Bacillota,Bacilli,Caryophanales,Fictibacillaceae,Pseudalkalibacillus,cellular organisms; Bacteria; Bacillati; Bacillota; Bacilli; Caryophanales; Fictibacillaceae; Pseudalkalibacillus,2011,missing,Japan,Microbe sample from Pseudalkalibacillus berkeleyi,resultados/YcaO/neighborhoods/WP_236331319_1.fasta,,,,Strongylocentrotus intermedius (sea urchin),,
WP_439299325.1,,,,,,,,,,,,,,,,,,,,,,,,,,,,ERROR: Search Backend failed: Database is not supported: assembly
WP_349409935.1,2.0,Pseudalkalibacillus nanhaiensis,TOMM precursor leader peptide-binding protein,False,RefSeq,Pseudalkalibacillus nanhaiensis,SCS-8,GCF_040126055.1,NZ_CP143541.1,SAMN39489479,Pseudalkalibacillus nanhaiensis,Bacillota,Bacilli,Caryophanales,Fictibacillaceae,Pseudalkalibacillus,cellular organisms; Bacteria; Bacillati; Bacillota; Bacilli; Caryophanales; Fictibacillaceae; Pseudalkalibacillus,2021-08-18,marine sediment,China:South China Sea,Microbe sample from Pseudalkalibacillus nanhaiensis,resultados/YcaO/neighborhoods/WP_349409935_1.fasta,,,,,,
WP_261129756.1,1.0,Bacillus sp. Marseille-Q3570,TOMM precursor leader peptide-binding protein,False,RefSeq,Bacillus sp. Marseille-Q3570,Marseille-Q3570,GCF_946151055.1,NZ_CAMGYZ010000002.1,SAMEA110472300,Bacillus sp. Marseille-Q3570,Bacillota,Bacilli,Caryophanales,Bacillaceae,Bacillus,cellular organisms; Bacteria; Bacillati; Bacillota; Bacilli; Caryophanales; Bacillaceae; Bacillus; unclassified Bacillus (in: firmicutes),,stool,,Bacillus cagae genome,resultados/YcaO/neighborhoods/WP_261129756_1.fasta,,,,,,
WP_221568249.1,1.0,Alkalihalobacillus sp. TS-13,TOMM precursor leader peptide-binding protein,False,RefSeq,Alkalihalobacillus sp. TS-13,TS-13,GCF_019720915.1,NZ_JAHKSI010000002.1,SAMN19581942,Alkalihalobacillus sp. TS-13,Bacillota,Bacilli,Caryophanales,Bacillaceae,Alkalihalobacillus,cellular organisms; Bacteria; Bacillati; Bacillota; Bacilli; Caryophanales; Bacillaceae; Alkalihalobacillus; unclassified Alkalihalobacillus,2020-10,soil,China,Microbe sample from Alkalihalobacillus sp. TS-13,resultados/YcaO/neighborhoods/WP_221568249_1.fasta,,,,,,
WP_408009875.1,2.0,Pseudalkalibacillus sp. A8,TOMM precursor leader peptide-binding protein,False,RefSeq,Pseudalkalibacillus sp. A8,A8,GCF_045920555.1,NZ_CP174509.1,SAMN45024209,Pseudalkalibacillus sp. A8,Bacillota,Bacilli,Caryophanales,Fictibacillaceae,Pseudalkalibacillus,cellular organisms; Bacteria; Bacillati; Bacillota; Bacilli; Caryophanales; Fictibacillaceae; Pseudalkalibacillus; unclassified Pseudalkalibacillus,2023-03,plant,China:baiyin,Microbe sample from Pseudalkalibacillus sp. A8,resultados/YcaO/neighborhoods/WP_408009875_1.fasta,,,,Cistanche deserticola,,
WP_236312721.1,2.0,Pseudalkalibacillus salsuginis,TOMM precursor leader peptide-binding protein,False,RefSeq,Pseudalkalibacillus salsuginis,EGI L200015,GCF_021646685.1,NZ_JAKJHW010000002.1,SAMN25013717,Pseudalkalibacillus salsuginis,Bacillota,Bacilli,Caryophanales,Fictibacillaceae,Pseudalkalibacillus,cellular organisms; Bacteria; Bacillati; Bacillota; Bacilli; Caryophanales; Fictibacillaceae; Pseudalkalibacillus,2020-10-15,saline sediment,China:Xinjiang,Microbe sample from Pseudalkalibacillus salsuginis,resultados/YcaO/neighborhoods/WP_236312721_1.fasta,,,,,,
WP_073152071.1,2.0,Seinonella peptonophila,TOMM precursor leader peptide-binding protein,False,RefSeq,Seinonella peptonophila,DSM 44666,GCF_900129355.1,NZ_FQVL01000001.1,SAMN05444392,Seinonella peptonophila,Bacillota,Bacilli,Caryophanales,Thermoactinomycetaceae,Seinonella,cellular organisms; Bacteria; Bacillati; Bacillota; Bacilli; Caryophanales; Thermoactinomycetaceae; Seinonella,missing,missing,missing,Seinonella peptonophila DSM 44666,resultados/YcaO/neighborhoods/WP_073152071_1.fasta,missing,missing,missing,not applicable,missing,
WP_034640188.1,4.0,Bacillus manliponensis,TOMM precursor leader peptide-binding protein,False,RefSeq,Bacillus manliponensis,CIP111019T,GCF_965139495.1,NZ_CBCSJC010000017.1,SAMEA117660542,Bacillus manliponensis,Bacillota,Bacilli,Caryophanales,Bacillaceae,Bacillus,cellular organisms; Bacteria; Bacillati; Bacillota; Bacilli; Caryophanales; Bacillaceae; Bacillus; Bacillus cereus group,not provided,,not provided,Whole genome sequencing of Bacillus manliponensis CIP111019T,resultados/YcaO/neighborhoods/WP_034640188_1.fasta,,,,,,
MIL9396648.1,2.0,Bacillus sp. 21-B1-58,TOMM precursor leader peptide-binding protein,False,GenBank/INSDC,Bacillus sp. 21-B1-58,21-B1-58,GCA_060680545.1,JCCKDF010000005.1,SAMN32966974,Bacillus sp. 21-B1-58,Bacillota,Bacilli,Caryophanales,Bacillaceae,Bacillus,cellular organisms; Bacteria; Bacillati; Bacillota; Bacilli; Caryophanales; Bacillaceae; Bacillus; unclassified Bacillus (in: firmicutes),2021-05-01,skin swab,South Korea: Changwon,Microbe sample from Bacillus sp. 21-B1-58,resultados/YcaO/neighborhoods/MIL9396648_1.fasta,,,,Homo sapiens,,
WP_209406991.1,2.0,Gottfriedia endophytica,TOMM precursor leader peptide-binding protein,False,RefSeq,Gottfriedia endophytica,RG28,GCF_017814275.1,NZ_JAGIYQ010000013.1,SAMN18436091,Gottfriedia endophytica,Bacillota,Bacilli,Caryophanales,Bacillaceae,Gottfriedia,cellular organisms; Bacteria; Bacillati; Bacillota; Bacilli; Caryophanales; Bacillaceae; Gottfriedia,2020-05-18,soil,South Korea,Microbe sample from Bacillus sp. strain RG28,resultados/YcaO/neighborhoods/WP_209406991_1.fasta,,,,,,
WP_289371338.1,2.0,Bacillus sp. DX4.1,TOMM precursor leader peptide-binding protein,False,RefSeq,Bacillus sp. DX4.1,DX4.1,GCF_030348195.1,NZ_JAUCFT010000008.1,SAMN34510081,Bacillus sp. DX4.1,Bacillota,Bacilli,Caryophanales,Bacillaceae,Bacillus,cellular organisms; Bacteria; Bacillati; Bacillota; Bacilli; Caryophanales; Bacillaceae; Bacillus; unclassified Bacillus (in: firmicutes),2016-02,grassland soil,Germany: Heida,Microbe sample from Bacillus sp. DX4.1,resultados/YcaO/neighborhoods/WP_289371338_1.fasta,,,,,50.72 N 10.91 E,
MFD3449695.1,1.0,Microbacteriaceae bacterium 4G12,TOMM precursor leader peptide-binding protein,False,GenBank/INSDC,Microbacteriaceae bacterium 4G12,4G12,GCA_042715355.1,JBHZIG010000041.1,SAMN43868525,Microbacteriaceae bacterium 4G12,Actinomycetota,Actinomycetes,Micrococcales,Microbacteriaceae,,cellular organisms; Bacteria; Bacillati; Actinomycetota; Actinomycetes; Micrococcales; Microbacteriaceae; unclassified Microbacteriaceae,2023-10-24T14:30:11Z,,China:Yunnan,Microbe sample from Microbacteriaceae bacterium 4G12,resultados/YcaO/neighborhoods/MFD3449695_1.fasta,,,,plant,,
WP_020060407.1,1.0,Bacillus sp. 123MFChir2,TOMM precursor leader peptide-binding protein,False,RefSeq,Bacillus sp. 123MFChir2,123MFChir2,GCF_000383235.1,NZ_KB910931.1,SAMN02440515,Bacillus sp. 123MFChir2,Bacillota,Bacilli,Caryophanales,Bacillaceae,Bacillus,cellular organisms; Bacteria; Bacillati; Bacillota; Bacilli; Caryophanales; Bacillaceae; Bacillus; unclassified Bacillus (in: firmicutes),missing,,missing,Generic sample from Bacillus sp. 123MFChir2,resultados/YcaO/neighborhoods/WP_020060407_1.fasta,,,,,missing,
WP_035431194.1,1.0,Bacillus sp. UNC322MFChir4.1,TOMM precursor leader peptide-binding protein,False,RefSeq,Bacillus sp. UNC322MFChir4.1,UNC322MFChir4.1,GCF_000746135.1,NZ_JQKQ01000013.1,SAMN02745492,Bacillus sp. UNC322MFChir4.1,Bacillota,Bacilli,Caryophanales,Bacillaceae,Bacillus,cellular organisms; Bacteria; Bacillati; Bacillota; Bacilli; Caryophanales; Bacillaceae; Bacillus; unclassified Bacillus (in: firmicutes),not collected,,missing,Bacillus sp. UNC322MFChir4.1,resultados/YcaO/neighborhoods/WP_035431194_1.fasta,missing,missing,missing,,not collected,
WP_090914672.1,4.0,Bacillus sp. 103mf; Bacillus sp. 71mf,TOMM precursor leader peptide-binding protein,False,RefSeq,Bacillus sp. 71mf,71MF,GCF_900113855.1,NZ_FOQX01000004.1,SAMN04488574,Bacillus sp. 71mf,Bacillota,Bacilli,Caryophanales,Bacillaceae,Bacillus,cellular organisms; Bacteria; Bacillati; Bacillota; Bacilli; Caryophanales; Bacillaceae; Bacillus; unclassified Bacillus (in: firmicutes),not collected,,missing,Bacillus sp. 71MF,resultados/YcaO/neighborhoods/WP_090914672_1.fasta,missing,missing,missing,,missing,
WP_430510494.1,1.0,Gottfriedia solisilvae,TOMM precursor leader peptide-binding protein,False,RefSeq,Gottfriedia solisilvae,XL165,GCF_050510855.1,NZ_JBNKIJ010000006.1,SAMN48155367,Gottfriedia solisilvae,Bacillota,Bacilli,Caryophanales,Bacillaceae,Gottfriedia,cellular organisms; Bacteria; Bacillati; Bacillota; Bacilli; Caryophanales; Bacillaceae; Gottfriedia,2021-05-02,rhizosphere,China:Jiangsu,Microbe sample from Gottfriedia solisilvae,resultados/YcaO/neighborhoods/WP_430510494_1.fasta,,,,Cucumis sativus,,
WP_088044239.1,1.0,Bacillus sp. EAC,TOMM precursor leader peptide-binding protein,False,RefSeq,Bacillus sp. EAC,EAC,GCF_002156875.1,NZ_NCSY01000012.1,SAMN06692353,Bacillus sp. EAC,Bacillota,Bacilli,Caryophanales,Bacillaceae,Bacillus,cellular organisms; Bacteria; Bacillati; Bacillota; Bacilli; Caryophanales; Bacillaceae; Bacillus; unclassified Bacillus (in: firmicutes),2016-01,Freshwater creek,USA: Pennsylvania,Microbe sample from Bacillus sp. EAC,resultados/YcaO/neighborhoods/WP_088044239_1.fasta,,,freshwater creek,,,
WP_088072815.1,1.0,Gottfriedia luciferensis,TOMM precursor leader peptide-binding protein,False,RefSeq,Gottfriedia luciferensis,DSM 18845,GCF_002156865.1,NZ_NCTA01000057.1,SAMN06693592,Gottfriedia luciferensis,Bacillota,Bacilli,Caryophanales,Bacillaceae,Gottfriedia,cellular organisms; Bacteria; Bacillati; Bacillota; Bacilli; Caryophanales; Bacillaceae; Gottfriedia,2001,soil,Atlantic Ocean: South Sandwich,Microbe sample from Gottfriedia luciferensis,resultados/YcaO/neighborhoods/WP_088072815_1.fasta,,,,,,
WP_331222624.1,2.0,Gottfriedia acidiceleris,TOMM precursor leader peptide-binding protein,False,RefSeq,Gottfriedia acidiceleris,RNC-1,GCF_036421055.1,NZ_JAZGQS010000006.1,SAMN36920547,Gottfriedia acidiceleris,Bacillota,Bacilli,Caryophanales,Bacillaceae,Gottfriedia,cellular organisms; Bacteria; Bacillati; Bacillota; Bacilli; Caryophanales; Bacillaceae; Gottfriedia,2022-07-20,soil,India: Jharkhand,Microbe sample from Gottfriedia acidiceleris,resultados/YcaO/neighborhoods/WP_331222624_1.fasta,,,,,23.4123 N 85.43 E,
WP_098118052.1,2.0,Bacillus sp. AFS002410,TOMM precursor leader peptide-binding protein,False,RefSeq,Bacillus sp. AFS002410,AFS002410,GCF_002556365.1,NZ_NUEU01000005.1,SAMN07597269,Bacillus sp. AFS002410,Bacillota,Bacilli,Caryophanales,Bacillaceae,Bacillus,cellular organisms; Bacteria; Bacillati; Bacillota; Bacilli; Caryophanales; Bacillaceae; Bacillus; unclassified Bacillus (in: firmicutes),2014-05-27,soil,USA: NY,Microbe sample from Bacillus sp. AFS002410,resultados/YcaO/neighborhoods/WP_098118052_1.fasta,,,,,,
WP_210366632.1,1.0,Bacillus sp. REN3,TOMM precursor leader peptide-binding protein,False,RefSeq,Bacillus sp. REN3,REN3,GCF_017912555.1,NZ_JAERSD010000015.1,SAMN17277740,Bacillus sp. REN3,Bacillota,Bacilli,Caryophanales,Bacillaceae,Bacillus,cellular organisms; Bacteria; Bacillati; Bacillota; Bacilli; Caryophanales; Bacillaceae; Bacillus; unclassified Bacillus (in: firmicutes),2019-04,Pit mud of baijiu fermentation,China: Szechuan,Microbe sample from Bacillus sp. REN3,resultados/YcaO/neighborhoods/WP_210366632_1.fasta,,,,,,
WP_488594293.1,2.0,Mesobacillus sp.,TOMM precursor leader peptide-binding protein,False,RefSeq,Mesobacillus sp.,,GCF_057785455.1,NZ_JBYNSB010000020.1,SAMN57243764,Mesobacillus sp.,Bacillota,Bacilli,Caryophanales,Bacillaceae,Mesobacillus,cellular organisms; Bacteria; Bacillati; Bacillota; Bacilli; Caryophanales; Bacillaceae; Mesobacillus; unclassified Mesobacillus,2021-12-18,New Yumesamdong hot spring sediment,"India: Yumesamdong, North Sikkim",MIMAG Metagenome-assembled Genome sample from Mesobacillus sp.,resultados/YcaO/neighborhoods/WP_488594293_1.fasta,Sediment,Sediment,Hot spring,,27.91 N 88.69 E,
WP_335378743.1,2.0,Bacillus sp. JJ1122,TOMM precursor leader peptide-binding protein,False,RefSeq,Bacillus sp. JJ1122,JJ1122,GCF_036964885.1,NZ_JBALQL010000043.1,SAMN40001808,Bacillus sp. JJ1122,Bacillota,Bacilli,Caryophanales,Bacillaceae,Bacillus,cellular organisms; Bacteria; Bacillati; Bacillota; Bacilli; Caryophanales; Bacillaceae; Bacillus; unclassified Bacillus (in: firmicutes),2014,emissingophyte,USA: Illinois,Microbe sample from Bacillus sp. JJ1122,resultados/YcaO/neighborhoods/WP_335378743_1.fasta,,,,corn,,
WP_251483494.1,4.0,Mesobacillus subterraneus,TOMM precursor leader peptide-binding protein,False,RefSeq,Mesobacillus subterraneus,TA 170,GCF_023715255.1,NZ_JAMBNT010000009.1,SAMN28071816,Mesobacillus subterraneus,Bacillota,Bacilli,Caryophanales,Bacillaceae,Mesobacillus,cellular organisms; Bacteria; Bacillati; Bacillota; Bacilli; Caryophanales; Bacillaceae; Mesobacillus,2013-07-18,spacecraft surface,USA,Microbe sample from Mesobacillus subterraneus,resultados/YcaO/neighborhoods/WP_251483494_1.fasta,,,,,,
WP_335430990.1,2.0,Bacillus sp. JJ1609,TOMM precursor leader peptide-binding protein,False,RefSeq,Bacillus sp. JJ1609,JJ1609,GCF_036967045.1,NZ_JBALSS010000016.1,SAMN40001728,Bacillus sp. JJ1609,Bacillota,Bacilli,Caryophanales,Bacillaceae,Bacillus,cellular organisms; Bacteria; Bacillati; Bacillota; Bacilli; Caryophanales; Bacillaceae; Bacillus; unclassified Bacillus (in: firmicutes),2014,rhizoplane,USA: Ohio,Microbe sample from Bacillus sp. JJ1609,resultados/YcaO/neighborhoods/WP_335430990_1.fasta,,,,soybean,,
WP_226672163.1,1.0,Rossellomorea aquimaris,TOMM precursor leader peptide-binding protein,False,RefSeq,Rossellomorea aquimaris,SaN0-14,GCF_020524105.1,NZ_JAIVKT010000001.1,SAMN21557951,Rossellomorea aquimaris,Bacillota,Bacilli,Caryophanales,Bacillaceae,Rossellomorea,cellular organisms; Bacteria; Bacillati; Bacillota; Bacilli; Caryophanales; Bacillaceae; Rossellomorea,2021-01-13,,China:Shenzhen,MIGS Cultured Bacterial/Archaeal sample from Rossellomorea aquimaris,resultados/YcaO/neighborhoods/WP_226672163_1.fasta,offshore,sediment,Mangrove rhizosphere sediment,,22.539 N 114.597 E,
WP_201714665.1,1.0,Rossellomorea arthrocnemi,TOMM precursor leader peptide-binding protein,False,RefSeq,Rossellomorea arthrocnemi,EAR8,GCF_904424705.1,NZ_CAJGBF010000006.1,SAMEA7306390,Rossellomorea arthrocnemi,Bacillota,Bacilli,Caryophanales,Bacillaceae,Rossellomorea,cellular organisms; Bacteria; Bacillati; Bacillota; Bacilli; Caryophanales; Bacillaceae; Rossellomorea,2015,,Spain,Bacillus sp. EAR8,resultados/YcaO/neighborhoods/WP_201714665_1.fasta,roots of halophyte plant,roots of Arthrocnemum macrostachyum,marshes,,,
WP_113969670.1,2.0,Rossellomorea aquimaris,TOMM precursor leader peptide-binding protein,False,RefSeq,Rossellomorea aquimaris,97B,GCF_003315075.1,NZ_QNRJ01000006.1,SAMN09062739,Rossellomorea aquimaris,Bacillota,Bacilli,Caryophanales,Bacillaceae,Rossellomorea,cellular organisms; Bacteria; Bacillati; Bacillota; Bacilli; Caryophanales; Bacillaceae; Rossellomorea,missing,missing,USA: Pennsylvania,Bacillus aquimaris 97B,resultados/YcaO/neighborhoods/WP_113969670_1.fasta,missing,missing,missing,not applicable,41.2451 N 76.9855 W,
WP_397549458.1,2.0,Rossellomorea sp. NPDC077527,TOMM precursor leader peptide-binding protein,False,RefSeq,Rossellomorea sp. NPDC077527,NPDC077527,GCF_044542955.1,NZ_JBITVL010000002.1,SAMN43996825,Rossellomorea sp. NPDC077527,Bacillota,Bacilli,Caryophanales,Bacillaceae,Rossellomorea,cellular organisms; Bacteria; Bacillati; Bacillota; Bacilli; Caryophanales; Bacillaceae; Rossellomorea; unclassified Rossellomorea,not applicable,,not applicable,MIGS Cultured Bacterial/Archaeal sample from Rossellomorea sp. NPDC077527,resultados/YcaO/neighborhoods/WP_397549458_1.fasta,not applicable,not applicable,not applicable,,not applicable,
WP_044339349.1,1.0,Rossellomorea aquimaris,TOMM precursor leader peptide-binding protein,False,RefSeq,Rossellomorea aquimaris,JM7,GCF_000935355.1,NZ_JXZC01000005.1,SAMN03332000,Rossellomorea aquimaris,Bacillota,Bacilli,Caryophanales,Bacillaceae,Rossellomorea,cellular organisms; Bacteria; Bacillati; Bacillota; Bacilli; Caryophanales; Bacillaceae; Rossellomorea,2013-05-26,sea,China,Microbe sample from Rossellomorea aquimaris,resultados/YcaO/neighborhoods/WP_044339349_1.fasta,,,,,,
WP_060671304.1,2.0,Rossellomorea vietnamensis,TOMM precursor leader peptide-binding protein,False,RefSeq,Rossellomorea vietnamensis,UCD-SED5,GCF_001305855.1,NZ_LIXZ01000002.1,SAMN04013460,Rossellomorea vietnamensis,Bacillota,Bacilli,Caryophanales,Bacillaceae,Rossellomorea,cellular organisms; Bacteria; Bacillati; Bacillota; Bacilli; Caryophanales; Bacillaceae; Rossellomorea,2015,seagrass sediment,USA: Bodega Bay,Microbe sample from Rossellomorea vietnamensis,resultados/YcaO/neighborhoods/WP_060671304_1.fasta,,,,,,
WP_098439503.1,2.0,Bacillus sp. es.034,TOMM precursor leader peptide-binding protein,False,RefSeq,Bacillus sp. es.034,es.034,GCF_002563655.1,NZ_PDIY01000001.1,SAMN04487877,Bacillus sp. es.034,Bacillota,Bacilli,Caryophanales,Bacillaceae,Bacillus,cellular organisms; Bacteria; Bacillati; Bacillota; Bacilli; Caryophanales; Bacillaceae; Bacillus; unclassified Bacillus (in: firmicutes),not collected,,missing,Bacillus sp. ES.034,resultados/YcaO/neighborhoods/WP_098439503_1.fasta,missing,missing,missing,,36.8100 N 121.7900 W,
WP_224874912.1,2.0,Rossellomorea aquimaris,TOMM precursor leader peptide-binding protein,False,RefSeq,Rossellomorea aquimaris,AcN35-5,GCF_020171925.1,NZ_JAIVAR010000001.1,SAMN21542838,Rossellomorea aquimaris,Bacillota,Bacilli,Caryophanales,Bacillaceae,Rossellomorea,cellular organisms; Bacteria; Bacillati; Bacillota; Bacilli; Caryophanales; Bacillaceae; Rossellomorea,2021-01-13,,China:Shenzhen,MIGS Cultured Bacterial/Archaeal sample from Rossellomorea aquimaris,resultados/YcaO/neighborhoods/WP_224874912_1.fasta,offshore,sediment,Mangrove rhizosphere sediment,,22.651 N 114.515 E,
WP_411160090.1,2.0,Rossellomorea oryzaecorticis,TOMM precursor leader peptide-binding protein,False,RefSeq,Rossellomorea oryzaecorticis,JCM19602,GCF_045897515.1,NZ_JBJOSA010000015.1,SAMN45087485,Rossellomorea oryzaecorticis,Bacillota,Bacilli,Caryophanales,Bacillaceae,Rossellomorea,cellular organisms; Bacteria; Bacillati; Bacillota; Bacilli; Caryophanales; Bacillaceae; Rossellomorea,2010,rice husks,South Korea: Wonju,Microbe sample from Rossellomorea oryzaecorticis,resultados/YcaO/neighborhoods/WP_411160090_1.fasta,,,,rice,,
WP_334215938.1,1.0,Mangrovibacillus sp. Mu-81,TOMM precursor leader peptide-binding protein,False,RefSeq,Mangrovibacillus sp. Mu-81,Mu-81,GCF_036867415.1,NZ_JBAJHU010000001.1,SAMN39959933,Mangrovibacillus sp. Mu-81,Bacillota,Bacilli,Caryophanales,Bacillaceae,Mangrovibacillus,cellular organisms; Bacteria; Bacillati; Bacillota; Bacilli; Caryophanales; Bacillaceae; Mangrovibacillus; unclassified Mangrovibacillus,2022,Mucilage in the Sea of Marmara,Turkey:Bandirma,Microbe sample from Mangrovibacillus sp. Mu-81,resultados/YcaO/neighborhoods/WP_334215938_1.fasta,,,,,,
WP_071617396.1,2.0,Rossellomorea aquimaris,TOMM precursor leader peptide-binding protein,False,RefSeq,Rossellomorea aquimaris,SAMM,GCF_001877785.1,NZ_MINN01000074.1,SAMN05728461,Rossellomorea aquimaris,Bacillota,Bacilli,Caryophanales,Bacillaceae,Rossellomorea,cellular organisms; Bacteria; Bacillati; Bacillota; Bacilli; Caryophanales; Bacillaceae; Rossellomorea,2015-10,coastal water,India: Ratnagiri,MIGS Cultured Bacterial/Archaeal sample from Rossellomorea aquimaris,resultados/YcaO/neighborhoods/WP_071617396_1.fasta,coastline,water,sea coastal region,,17.24 N 73.37 E,
WP_341980201.1,1.0,Rossellomorea oryzaecorticis,TOMM precursor leader peptide-binding protein,False,RefSeq,Rossellomorea oryzaecorticis,ZC255,GCF_038405515.1,NZ_JBBYAF010000003.1,SAMN40940153,Rossellomorea oryzaecorticis,Bacillota,Bacilli,Caryophanales,Bacillaceae,Rossellomorea,cellular organisms; Bacteria; Bacillati; Bacillota; Bacilli; Caryophanales; Bacillaceae; Rossellomorea,2022-12-16,,China,Microbe sample from Rossellomorea oryzaecorticis,resultados/YcaO/neighborhoods/WP_341980201_1.fasta,,,,marine macroalgae,,
WP_283905176.1,2.0,Mesobacillus sp. AQ2,TOMM precursor leader peptide-binding protein,False,RefSeq,Mesobacillus sp. AQ2,AQ2,GCF_030122805.1,NZ_CP126080.1,SAMN34374940,Mesobacillus sp. AQ2,Bacillota,Bacilli,Caryophanales,Bacillaceae,Mesobacillus,cellular organisms; Bacteria; Bacillati; Bacillota; Bacilli; Caryophanales; Bacillaceae; Mesobacillus; unclassified Mesobacillus,missing,rhizosphere soil,"China: Anqing, Anhui Province",Microbe sample from Mesobacillus sp. AQ2,resultados/YcaO/neighborhoods/WP_283905176_1.fasta,,,,,30.51 N 117.03 E,
WP_415813475.1,2.0,Mesobacillus thioparans,TOMM precursor leader peptide-binding protein,False,RefSeq,Mesobacillus thioparans,CIP109765T,GCF_965138835.1,NZ_CBCSFH010000002.1,SAMEA117660475,Mesobacillus thioparans,Bacillota,Bacilli,Caryophanales,Bacillaceae,Mesobacillus,cellular organisms; Bacteria; Bacillati; Bacillota; Bacilli; Caryophanales; Bacillaceae; Mesobacillus,not provided,,not provided,Whole genome sequencing of Mesobacillus thioparans CIP109765T,resultados/YcaO/neighborhoods/WP_415813475_1.fasta,,,,,,
WP_226087572.1,1.0,Mesobacillus sp. S13,TOMM precursor leader peptide-binding protein,False,RefSeq,Mesobacillus sp. S13,S13,GCF_020422885.1,NZ_CP084622.1,SAMN21988785,Mesobacillus sp. S13,Bacillota,Bacilli,Caryophanales,Bacillaceae,Mesobacillus,cellular organisms; Bacteria; Bacillati; Bacillota; Bacilli; Caryophanales; Bacillaceae; Mesobacillus; unclassified Mesobacillus,2015-04-28,Soil of Match works dumpyard,"India: Sivakasi , Tamilnadu",Mesobacillus clriensis,resultados/YcaO/neighborhoods/WP_226087572_1.fasta,,,,,9.4533 N 77.8024 E,
WP_102262494.1,1.0,Mesobacillus jeotgali,TOMM precursor leader peptide-binding protein,False,RefSeq,Mesobacillus jeotgali,DSM 18226,GCF_002874535.1,NZ_CP025025.1,SAMN07212156,Mesobacillus jeotgali,Bacillota,Bacilli,Caryophanales,Bacillaceae,Mesobacillus,cellular organisms; Bacteria; Bacillati; Bacillota; Bacilli; Caryophanales; Bacillaceae; Mesobacillus,2001,Korean traditional fermented seafood jeotgal,Korea,Microbe sample from Mesobacillus jeotgali,resultados/YcaO/neighborhoods/WP_102262494_1.fasta,,,,,,
WP_215022250.1,2.0,Bacillus sp. ISL-39,TOMM precursor leader peptide-binding protein,False,RefSeq,Bacillus sp. ISL-39,ISL-39,GCF_018613295.1,NZ_JAGGQM010000002.1,SAMN18299008,Bacillus sp. ISL-39,Bacillota,Bacilli,Caryophanales,Bacillaceae,Bacillus,cellular organisms; Bacteria; Bacillati; Bacillota; Bacilli; Caryophanales; Bacillaceae; Bacillus; unclassified Bacillus (in: firmicutes),2017-04,,"Chile: Atacama Desert, between Atacama Salar and Lajia lagoon",ISL39,resultados/YcaO/neighborhoods/WP_215022250_1.fasta,slope[ENVO:00002000]|vegetation layer[ENVO:01000355],steppe soil[ENVO:00005777]|soil organic matter[ENVO:04000008],arid biome[ENVO:01001838],,23.5043 S 67.6974 W,
WP_079508713.1,1.0,Mesobacillus jeotgali,TOMM precursor leader peptide-binding protein,False,RefSeq,Mesobacillus jeotgali,Marseille-P1092,GCF_900166585.1,NZ_FVZC01000009.1,SAMEA87823918,Mesobacillus jeotgali,Bacillota,Bacilli,Caryophanales,Bacillaceae,Mesobacillus,cellular organisms; Bacteria; Bacillati; Bacillota; Bacilli; Caryophanales; Bacillaceae; Mesobacillus,,,,PRJEB19410,resultados/YcaO/neighborhoods/WP_079508713_1.fasta,,,,,,
WP_476430737.1,2.0,Mesobacillus boroniphilus,TOMM precursor leader peptide-binding protein,False,RefSeq,Mesobacillus boroniphilus,QGYT3-4,GCF_056323005.1,NZ_JBWHZA010000001.1,SAMN52967444,Mesobacillus boroniphilus,Bacillota,Bacilli,Caryophanales,Bacillaceae,Mesobacillus,cellular organisms; Bacteria; Bacillati; Bacillota; Bacilli; Caryophanales; Bacillaceae; Mesobacillus,2024-08-05,salt water from Shanyao salt pan of China,China,Microbe sample from Mesobacillus boroniphilus,resultados/YcaO/neighborhoods/WP_476430737_1.fasta,,,,,,
WP_125478656.1,2.0,Mesobacillus subterraneus,TOMM precursor leader peptide-binding protein,False,RefSeq,Mesobacillus subterraneus,DSM 13966,GCF_003937825.1,NZ_RSFW01000006.1,SAMN10524998,Mesobacillus subterraneus,Bacillota,Bacilli,Caryophanales,Bacillaceae,Mesobacillus,cellular organisms; Bacteria; Bacillati; Bacillota; Bacilli; Caryophanales; Bacillaceae; Mesobacillus,2002,subsurface waters,Australia,Microbe sample from Mesobacillus subterraneus,resultados/YcaO/neighborhoods/WP_125478656_1.fasta,,,,,,
WP_475096464.1,4.0,Mesobacillus sp. ABV4_180; Mesobacillus sp. ABV4_183,TOMM precursor leader peptide-binding protein,False,RefSeq,Mesobacillus sp. ABV4_180,ABV4_180,GCF_056158485.1,NZ_JBSWTJ010000001.1,SAMN51862041,Mesobacillus sp. ABV4_180,Bacillota,Bacilli,Caryophanales,Bacillaceae,Mesobacillus,cellular organisms; Bacteria; Bacillati; Bacillota; Bacilli; Caryophanales; Bacillaceae; Mesobacillus; unclassified Mesobacillus,2023-07-26,Marine,"USA: Atlantic ocean at Key West, Florida",Microbe sample from Mesobacillus sp. ABV4_180,resultados/YcaO/neighborhoods/WP_475096464_1.fasta,,,,,,
WP_475427769.1,2.0,Mesobacillus sp. QJM3NY_10,TOMM precursor leader peptide-binding protein,False,RefSeq,Mesobacillus sp. QJM3NY_10,QJM3NY_10,GCF_056173465.1,NZ_CM149675.1,SAMN54449761,Mesobacillus sp. QJM3NY_10,Bacillota,Bacilli,Caryophanales,Bacillaceae,Mesobacillus,cellular organisms; Bacteria; Bacillati; Bacillota; Bacilli; Caryophanales; Bacillaceae; Mesobacillus; unclassified Mesobacillus,2023-06-06,Marine intertidal mudflat,"USA: Califronia, Bodega Bay",MIGS Cultured Bacterial/Archaeal sample from Mesobacillus sp. QJM3NY_10,resultados/YcaO/neighborhoods/WP_475427769_1.fasta,seagrass bed ENVO:01000059,plant-associated environment ENVO_01001001,intertidal sediment ENVO_00002179,Zostera marina,38.333446 N 123.058785 W,
WP_379596765.1,2.0,Oceanobacillus luteolus,TOMM precursor leader peptide-binding protein,False,RefSeq,Oceanobacillus luteolus,CGMCC 1.12406,GCF_042678205.1,NZ_JBHUDE010000035.1,SAMN43282690,Oceanobacillus luteolus,Bacillota,Bacilli,Caryophanales,Bacillaceae,Oceanobacillus,cellular organisms; Bacteria; Bacillati; Bacillota; Bacilli; Caryophanales; Bacillaceae; Oceanobacillus,2022,missing,missing,Microbe sample from Oceanobacillus luteolus,resultados/YcaO/neighborhoods/WP_379596765_1.fasta,,,,,,
WP_336253096.1,2.0,Oceanobacillus sp. MO10714A; Oceanobacillus sp. SE10311,TOMM precursor leader peptide-binding protein,False,RefSeq,Oceanobacillus sp. SE10311,SE 10311,GCF_037072065.1,NZ_JAXHDB010000039.1,SAMN38440221,Oceanobacillus sp. SE10311,Bacillota,Bacilli,Caryophanales,Bacillaceae,Oceanobacillus,cellular organisms; Bacteria; Bacillati; Bacillota; Bacilli; Caryophanales; Bacillaceae; Oceanobacillus; unclassified Oceanobacillus,2019-09-10,sediment,"Philippines: Mount Makiling, South Luzon",Microbe sample from Oceanobacillus sp. SE10311,resultados/YcaO/neighborhoods/WP_336253096_1.fasta,,,,,,
WP_121524854.1,2.0,Oceanobacillus piezotolerans,TOMM precursor leader peptide-binding protein,False,RefSeq,Oceanobacillus piezotolerans,YLB-02,GCF_003665065.1,NZ_RCHR01000010.1,SAMN10172232,Oceanobacillus piezotolerans,Bacillota,Bacilli,Caryophanales,Bacillaceae,Oceanobacillus,cellular organisms; Bacteria; Bacillati; Bacillota; Bacilli; Caryophanales; Bacillaceae; Oceanobacillus,2017,deep sea sediment,Pacific Ocean,Microbe sample from Oceanobacillus piezotolerans,resultados/YcaO/neighborhoods/WP_121524854_1.fasta,,,,,,
WP_419394361.1,2.0,Cytobacillus praedii,TOMM precursor leader peptide-binding protein,False,RefSeq,Cytobacillus praedii,MM2025,GCF_048541635.1,NZ_CP183326.1,SAMN47099659,Cytobacillus praedii,Bacillota,Bacilli,Caryophanales,Bacillaceae,Cytobacillus,cellular organisms; Bacteria; Bacillati; Bacillota; Bacilli; Caryophanales; Bacillaceae; Cytobacillus,2024-09,soil,Denmark: Malling,Microbe sample from Cytobacillus praedii,resultados/YcaO/neighborhoods/WP_419394361_1.fasta,,,,,56.0 N 10.12 E,
WP_430107234.1,2.0,Priestia endophytica,TOMM precursor leader peptide-binding protein,False,RefSeq,Priestia endophytica,B-23035,GCF_050465125.1,NZ_JBCMSM010000011.1,SAMN41009157,Priestia endophytica,Bacillota,Bacilli,Caryophanales,Bacillaceae,Priestia,cellular organisms; Bacteria; Bacillati; Bacillota; Bacilli; Caryophanales; Bacillaceae; Priestia,1996-08-16,dry feed lot waste,"USA: Bushland, Texas",Microbe sample from Priestia endophytica,resultados/YcaO/neighborhoods/WP_430107234_1.fasta,,,,,,
WP_115749690.1,2.0,Oceanobacillus chungangensis,TOMM precursor leader peptide-binding protein,False,RefSeq,Oceanobacillus chungangensis,CAU 1051,GCF_003369565.1,NZ_PIOD01000010.1,SAMN08100097,Oceanobacillus chungangensis,Bacillota,Bacilli,Caryophanales,Bacillaceae,Oceanobacillus,cellular organisms; Bacteria; Bacillati; Bacillota; Bacilli; Caryophanales; Bacillaceae; Oceanobacillus,2013,marine sand,South Korea: Jeju island,Microbe sample from Oceanobacillus chungangensis,resultados/YcaO/neighborhoods/WP_115749690_1.fasta,,,,,,
WP_379053633.1,2.0,Metabacillus endolithicus,TOMM precursor leader peptide-binding protein,False,RefSeq,Metabacillus endolithicus,KCTC 33579,GCF_042682245.1,NZ_JBHUIK010000009.1,SAMN43282523,Metabacillus endolithicus,Bacillota,Bacilli,Caryophanales,Bacillaceae,Metabacillus,cellular organisms; Bacteria; Bacillati; Bacillota; Bacilli; Caryophanales; Bacillaceae; Metabacillus,2022,missing,missing,Microbe sample from Metabacillus endolithicus,resultados/YcaO/neighborhoods/WP_379053633_1.fasta,,,,,,
WP_476138694.1,2.0,Metabacillus endolithicus,TOMM precursor leader peptide-binding protein,False,RefSeq,Metabacillus endolithicus,ABR4_014,GCF_056312255.1,NZ_JBSVEN010000001.1,SAMN53649300,Metabacillus endolithicus,Bacillota,Bacilli,Caryophanales,Bacillaceae,Metabacillus,cellular organisms; Bacteria; Bacillati; Bacillota; Bacilli; Caryophanales; Bacillaceae; Metabacillus,2022-12-19,Marine,"USA: Atlantic ocean at Key West, Florida",Microbe sample from Metabacillus endolithicus,resultados/YcaO/neighborhoods/WP_476138694_1.fasta,,,,,,
WP_175639347.1,1.0,Metabacillus schmidteae,TOMM precursor leader peptide-binding protein,False,RefSeq,Metabacillus schmidteae,Marseille-P9898,GCF_903166545.1,NZ_CAESCH010000001.1,SAMEA6824521,Metabacillus schmidteae,Bacillota,Bacilli,Caryophanales,Bacillaceae,Metabacillus,cellular organisms; Bacteria; Bacillati; Bacillota; Bacilli; Caryophanales; Bacillaceae; Metabacillus,,,,"Bacillus schmidteae sp, nov isolated from planarian",resultados/YcaO/neighborhoods/WP_175639347_1.fasta,,,,,,
WP_368657027.1,2.0,Metabacillus halosaccharovorans,TOMM precursor leader peptide-binding protein,False,RefSeq,Metabacillus halosaccharovorans,Hao 2024,GCF_040959945.1,NZ_CP162630.1,SAMN42657674,Metabacillus halosaccharovorans,Bacillota,Bacilli,Caryophanales,Bacillaceae,Metabacillus,cellular organisms; Bacteria; Bacillati; Bacillota; Bacilli; Caryophanales; Bacillaceae; Metabacillus,2008-05-15,Abalone fry collecting board,China:Shandong,Microbe sample from Metabacillus halosaccharovorans,resultados/YcaO/neighborhoods/WP_368657027_1.fasta,,,,,,
MGM0901813.1,1.0,Bacillota bacterium,TOMM precursor leader peptide-binding protein,False,GenBank/INSDC,Bacillota bacterium,not collected,GCA_051750825.1,JBNJKB010000005.1,SAMN45962178,Bacillota bacterium,Bacillota,,,,,cellular organisms; Bacteria; Bacillati; Bacillota; unclassified Bacillota,2024-03-11,salt lake,China: Xinjiang,MIMAG Metagenome-assembled Genome sample from Bacillota bacterium,resultados/YcaO/neighborhoods/MGM0901813_1.fasta,missing,missing,missing,not collected,43.6643 N 92.7978 E,
WP_046589905.1,2.0,Bacillus sp. SA1-12,TOMM precursor leader peptide-binding protein,False,RefSeq,Bacillus sp. SA1-12,SA1-12,GCF_000981385.1,NZ_LATZ01000132.1,SAMN03453603,Bacillus sp. SA1-12,Bacillota,Bacilli,Caryophanales,Bacillaceae,Bacillus,cellular organisms; Bacteria; Bacillati; Bacillota; Bacilli; Caryophanales; Bacillaceae; Bacillus; unclassified Bacillus (in: firmicutes),2011-09,solar saltern,"India: Thamaraikulam, Kanyakumari",Bacillus tuticoriensis (Strain SA1-12) sp. nov. Genome sequencing and assembly,resultados/YcaO/neighborhoods/WP_046589905_1.fasta,,,,,,
WP_396652556.1,1.0,Metabacillus elymi,TOMM precursor leader peptide-binding protein,False,RefSeq,Metabacillus elymi,KUDC1714,GCF_014217835.1,NZ_CP055263.1,SAMN15236437,Metabacillus elymi,Bacillota,Bacilli,Caryophanales,Bacillaceae,Metabacillus,cellular organisms; Bacteria; Bacillati; Bacillota; Bacilli; Caryophanales; Bacillaceae; Metabacillus,2011-06,soil,South Korea: Dokdo,Microbe sample from Metabacillus elymi,resultados/YcaO/neighborhoods/WP_396652556_1.fasta,,,,,,
WP_150438572.1,2.0,Niallia endozanthoxylica,TOMM precursor leader peptide-binding protein,False,RefSeq,Niallia endozanthoxylica,MER_TA_151,GCF_008710145.1,NZ_VYKL01000009.1,SAMN12787907,Niallia endozanthoxylica,Bacillota,Bacilli,Caryophanales,Bacillaceae,Niallia,cellular organisms; Bacteria; Bacillati; Bacillota; Bacilli; Caryophanales; Bacillaceae; Niallia,2004,spacecraft hardware,USA,Microbe sample from Niallia endozanthoxylica,resultados/YcaO/neighborhoods/WP_150438572_1.fasta,,,,,,
WP_454817849.1,2.0,Neobacillus sp. K501,TOMM precursor leader peptide-binding protein,False,RefSeq,Neobacillus sp. K501,K501,GCF_053749995.1,NZ_JBSLYA010000003.1,SAMN50614892,Neobacillus sp. K501,Bacillota,Bacilli,Caryophanales,Bacillaceae,Neobacillus,cellular organisms; Bacteria; Bacillati; Bacillota; Bacilli; Caryophanales; Bacillaceae; Neobacillus; unclassified Neobacillus,2023-07,,Turkey,Microbe sample from Neobacillus sp. K501,resultados/YcaO/neighborhoods/WP_454817849_1.fasta,,,,Halyomorpha halys,,
WP_411257161.1,2.0,Neobacillus niacini,TOMM precursor leader peptide-binding protein,False,RefSeq,Neobacillus niacini,TATVAM-FAB75,GCF_046591715.1,NZ_JAWVNQ010000022.1,SAMN38138687,Neobacillus niacini,Bacillota,Bacilli,Caryophanales,Bacillaceae,Neobacillus,cellular organisms; Bacteria; Bacillati; Bacillota; Bacilli; Caryophanales; Bacillaceae; Neobacillus,2022-04-08,,India,Neobacillus niacini TATVAM-FAB75,resultados/YcaO/neighborhoods/WP_411257161_1.fasta,Intestine,Rumen,Rumen assciated,Ovis aries,26.2485 N 72.9976 E,
WP_034677067.1,4.0,Neobacillus niacini; Neobacillus niacini NBRC 15566,TOMM precursor leader peptide-binding protein,False,RefSeq,Neobacillus niacini NBRC 15566,NBRC 15566,GCF_001591505.1,NZ_BCVA01000054.1,SAMD00047001,Neobacillus niacini NBRC 15566,Bacillota,Bacilli,Caryophanales,Bacillaceae,Neobacillus,cellular organisms; Bacteria; Bacillati; Bacillota; Bacilli; Caryophanales; Bacillaceae; Neobacillus; Neobacillus niacini,missing,,missing,Bacillus niacini NBRC 15566,resultados/YcaO/neighborhoods/WP_034677067_1.fasta,missing,missing,missing,,missing,
WP_464867902.1,1.0,Bacillus sp. CZDM1,TOMM precursor leader peptide-binding protein,False,RefSeq,Bacillus sp. CZDM1,CZDM1,GCF_055502545.1,NZ_JBUESO010000002.1,SAMN55066585,Bacillus sp. CZDM1,Bacillota,Bacilli,Caryophanales,Bacillaceae,Bacillus,cellular organisms; Bacteria; Bacillati; Bacillota; Bacilli; Caryophanales; Bacillaceae; Bacillus; unclassified Bacillus (in: firmicutes),2018,paddy soil,"China: Hunan province, Chenzhou",Microbe sample from Bacillus sp. CZDM1,resultados/YcaO/neighborhoods/WP_464867902_1.fasta,,,,,,
WP_402622449.1,2.0,Neobacillus sp. NPDC093182,TOMM precursor leader peptide-binding protein,False,RefSeq,Neobacillus sp. NPDC093182,NPDC093182,GCF_044754045.1,NZ_JBIVOI010000010.1,SAMN43997899,Neobacillus sp. NPDC093182,Bacillota,Bacilli,Caryophanales,Bacillaceae,Neobacillus,cellular organisms; Bacteria; Bacillati; Bacillota; Bacilli; Caryophanales; Bacillaceae; Neobacillus; unclassified Neobacillus,not applicable,,not applicable,MIGS Cultured Bacterial/Archaeal sample from Neobacillus sp. NPDC093182,resultados/YcaO/neighborhoods/WP_402622449_1.fasta,not applicable,not applicable,not applicable,,not applicable,
WP_420489575.1,1.0,Neobacillus niacini,TOMM precursor leader peptide-binding protein,False,RefSeq,Neobacillus niacini,JJ1568,GCF_036962645.1,NZ_JBALOO010000100.1,SAMN40001868,Neobacillus niacini,Bacillota,Bacilli,Caryophanales,Bacillaceae,Neobacillus,cellular organisms; Bacteria; Bacillati; Bacillota; Bacilli; Caryophanales; Bacillaceae; Neobacillus,2014,emissingophyte,USA: Ohio,Microbe sample from Neobacillus niacini,resultados/YcaO/neighborhoods/WP_420489575_1.fasta,,,,corn,,
WP_283860343.1,2.0,Neobacillus sp. DY30,TOMM precursor leader peptide-binding protein,False,RefSeq,Neobacillus sp. DY30,DY30,GCF_030123065.1,NZ_CP126093.1,SAMN34375010,Neobacillus sp. DY30,Bacillota,Bacilli,Caryophanales,Bacillaceae,Neobacillus,cellular organisms; Bacteria; Bacillati; Bacillota; Bacilli; Caryophanales; Bacillaceae; Neobacillus; unclassified Neobacillus,missing,rhizosphere soil,"China: Dongying, Shangdong Province",Microbe sample from Neobacillus sp. DY30,resultados/YcaO/neighborhoods/WP_283860343_1.fasta,,,,,37.69 N 118.85 E,
WP_484673442.1,1.0,Neobacillus sp. plas4,TOMM precursor leader peptide-binding protein,False,RefSeq,Neobacillus sp. plas4,plas4,GCF_057221695.1,NZ_CM170152.1,SAMN57266061,Neobacillus sp. plas4,Bacillota,Bacilli,Caryophanales,Bacillaceae,Neobacillus,cellular organisms; Bacteria; Bacillati; Bacillota; Bacilli; Caryophanales; Bacillaceae; Neobacillus; unclassified Neobacillus,2024-09-20,,China: Hunan,MIGS Cultured Bacterial/Archaeal sample from Neobacillus sp. plas4,resultados/YcaO/neighborhoods/WP_484673442_1.fasta,ENVO:00010483,ENVO:00010483,ENVO:00000428,cattle tick,27.5 N 111.5 E,
WP_483295242.1,1.0,Bacillus sp. MRMR6,TOMM precursor leader peptide-binding protein,False,RefSeq,Bacillus sp. MRMR6,MRMR6,GCF_001940785.1,NZ_MSLS01000005.1,SAMN06140743,Bacillus sp. MRMR6,Bacillota,Bacilli,Caryophanales,Bacillaceae,Bacillus,cellular organisms; Bacteria; Bacillati; Bacillota; Bacilli; Caryophanales; Bacillaceae; Bacillus; unclassified Bacillus (in: firmicutes),2016-05-03,Underwater soil,"USA: Mendota, CA",Microbe sample from Bacillus sp. MRMR6,resultados/YcaO/neighborhoods/WP_483295242_1.fasta,,,,not applicable,,
WP_045516632.1,1.0,Neobacillus niacini,TOMM precursor leader peptide-binding protein,False,RefSeq,Neobacillus niacini,F8,GCF_000759675.1,NZ_BAWM01000013.1,SAMD00000021,Neobacillus niacini,Bacillota,Bacilli,Caryophanales,Bacillaceae,Neobacillus,cellular organisms; Bacteria; Bacillati; Bacillota; Bacilli; Caryophanales; Bacillaceae; Neobacillus,2009,,Japan:Izu-Ogasawara Trench,MIGS Cultured Bacterial/Archaeal sample from Bacillus niacini,resultados/YcaO/neighborhoods/WP_045516632_1.fasta,deep-sea,soil,deep-sea,,30.117500 N 139.973667 E,
WP_179595939.1,1.0,Neobacillus driksii,TOMM precursor leader peptide-binding protein,False,RefSeq,Neobacillus driksii,AT2.8,GCF_013409995.1,NZ_JACCBX010000002.1,SAMN12794012,Neobacillus driksii,Bacillota,Bacilli,Caryophanales,Bacillaceae,Neobacillus,cellular organisms; Bacteria; Bacillati; Bacillota; Bacilli; Caryophanales; Bacillaceae; Neobacillus,missing,missing,missing,Bacillus niacini AT2.8,resultados/YcaO/neighborhoods/WP_179595939_1.fasta,missing,missing,missing,not applicable,missing,
WP_090831756.1,2.0,Bacillus sp. UNCCL13; Bacillus sp. cl95,TOMM precursor leader peptide-binding protein,False,RefSeq,Bacillus sp. UNCCL13,UNCCL13,GCF_900112075.1,NZ_FOJZ01000002.1,SAMN02799634,Bacillus sp. UNCCL13,Bacillota,Bacilli,Caryophanales,Bacillaceae,Bacillus,cellular organisms; Bacteria; Bacillati; Bacillota; Bacilli; Caryophanales; Bacillaceae; Bacillus; unclassified Bacillus (in: firmicutes),not collected,,missing,Bacillus sp. UNCCL13,resultados/YcaO/neighborhoods/WP_090831756_1.fasta,missing,missing,missing,,not collected,
WP_163099783.1,1.0,Peribacillus alkalitolerans,TOMM precursor leader peptide-binding protein,False,RefSeq,Peribacillus alkalitolerans,KCTC 33631,GCF_010882125.1,NZ_JAAGVZ010000002.1,SAMN14069739,Peribacillus alkalitolerans,Bacillota,Bacilli,Caryophanales,Bacillaceae,Peribacillus,cellular organisms; Bacteria; Bacillati; Bacillota; Bacilli; Caryophanales; Bacillaceae; Peribacillus,2014-05-01,Hydrothermal vent,not applicable,Microbe sample from Bacillus alkalitolerans,resultados/YcaO/neighborhoods/WP_163099783_1.fasta,,,,,,
WP_218349955.1,2.0,Bacillus sp. sid0103,TOMM precursor leader peptide-binding protein,False,RefSeq,Bacillus sp. sid0103,sid0103,GCF_019219025.1,NZ_JAHUWN010000022.1,SAMN19994152,Bacillus sp. sid0103,Bacillota,Bacilli,Caryophanales,Bacillaceae,Bacillus,cellular organisms; Bacteria; Bacillati; Bacillota; Bacilli; Caryophanales; Bacillaceae; Bacillus; unclassified Bacillus (in: firmicutes),2018-10-18,soil,USA,Microbe sample from Bacillus sp. sid0103,resultados/YcaO/neighborhoods/WP_218349955_1.fasta,,,,,40.093 N 88.218 W,
MFL6555187.1,1.0,Bacillus sp. (in: firmicutes),TOMM precursor leader peptide-binding protein,False,GenBank/INSDC,Bacillus sp. (in: firmicutes),,GCA_045809785.1,JBJMXJ010000305.1,SAMN41400624,Bacillus sp. (in: firmicutes),Bacillota,Bacilli,Caryophanales,Bacillaceae,Bacillus,cellular organisms; Bacteria; Bacillati; Bacillota; Bacilli; Caryophanales; Bacillaceae; Bacillus; unclassified Bacillus (in: firmicutes),2018-08-18,Grassland soil,USA:California,MIMAG Metagenome-assembled Genome sample from Bacillus sp. (in: firmicutes),resultados/YcaO/neighborhoods/MFL6555187_1.fasta,ENVO:01000224,ENVO:00001998,ENVO:00001998,,39.004 N 123.086 W,
WP_251462521.1,2.0,Neobacillus sp. MER 74,TOMM precursor leader peptide-binding protein,False,RefSeq,Neobacillus sp. MER 74,MER 74,GCF_023714155.1,NZ_JAMAUV010000018.1,SAMN27921987,Neobacillus sp. MER 74,Bacillota,Bacilli,Caryophanales,Bacillaceae,Neobacillus,cellular organisms; Bacteria; Bacillati; Bacillota; Bacilli; Caryophanales; Bacillaceae; Neobacillus; unclassified Neobacillus,2003-03-11,Cleanroom,USA,Microbe sample from Neobacillus sp. MER 74,resultados/YcaO/neighborhoods/WP_251462521_1.fasta,,,,,,
WP_410895171.1,3.0,Bacillaceae bacterium C204; Neobacillus sp. 204,TOMM precursor leader peptide-binding protein,False,RefSeq,Neobacillus sp. 204,204,GCF_046562815.1,NZ_JBJORY010000011.1,SAMN45084004,Neobacillus sp. 204,Bacillota,Bacilli,Caryophanales,Bacillaceae,Neobacillus,cellular organisms; Bacteria; Bacillati; Bacillota; Bacilli; Caryophanales; Bacillaceae; Neobacillus; unclassified Neobacillus,2019,,Spain: Ciudad Real,MIGS Cultured Bacterial/Archaeal sample from Neobacillus sp. 204,resultados/YcaO/neighborhoods/WP_410895171_1.fasta,mercury contaminated soil,soil,biome tip,,not applicable,
WP_335693847.1,2.0,Neobacillus drentensis,TOMM precursor leader peptide-binding protein,False,RefSeq,Neobacillus drentensis,JJ208,GCF_036961895.1,NZ_JBALNR010000077.1,SAMN40001899,Neobacillus drentensis,Bacillota,Bacilli,Caryophanales,Bacillaceae,Neobacillus,cellular organisms; Bacteria; Bacillati; Bacillota; Bacilli; Caryophanales; Bacillaceae; Neobacillus,2014,emissingophyte,USA: Nebraska,Microbe sample from Neobacillus drentensis,resultados/YcaO/neighborhoods/WP_335693847_1.fasta,,,,corn,,
WP_335380356.1,2.0,Neobacillus drentensis,TOMM precursor leader peptide-binding protein,False,RefSeq,Neobacillus drentensis,JJ1499,GCF_036965145.1,NZ_JBALPB010000004.1,SAMN40001854,Neobacillus drentensis,Bacillota,Bacilli,Caryophanales,Bacillaceae,Neobacillus,cellular organisms; Bacteria; Bacillati; Bacillota; Bacilli; Caryophanales; Bacillaceae; Neobacillus,2014,rhizoplane,USA: Ohio,Microbe sample from Neobacillus drentensis,resultados/YcaO/neighborhoods/WP_335380356_1.fasta,,,,corn,,
WP_375842047.1,2.0,Cytobacillus sp. Hz8,TOMM precursor leader peptide-binding protein,False,RefSeq,Cytobacillus sp. Hz8,Hz8,GCF_042263505.1,NZ_JBHKFI010000010.1,SAMN43772808,Cytobacillus sp. Hz8,Bacillota,Bacilli,Caryophanales,Bacillaceae,Cytobacillus,cellular organisms; Bacteria; Bacillati; Bacillota; Bacilli; Caryophanales; Bacillaceae; Cytobacillus; unclassified Cytobacillus,2022,fresh soil,South Korea,Microbe sample from Cytobacillus sp. Hz8,resultados/YcaO/neighborhoods/WP_375842047_1.fasta,,,,,,
WP_430139450.1,2.0,Neobacillus pocheonensis,TOMM precursor leader peptide-binding protein,False,RefSeq,Neobacillus pocheonensis,NRS-386,GCF_050477905.1,NZ_JBCNAD010000040.1,SAMN41009767,Neobacillus pocheonensis,Bacillota,Bacilli,Caryophanales,Bacillaceae,Neobacillus,cellular organisms; Bacteria; Bacillati; Bacillota; Bacilli; Caryophanales; Bacillaceae; Neobacillus,1950-10-11,soil,USA: Oklahoma,Microbe sample from Neobacillus pocheonensis,resultados/YcaO/neighborhoods/WP_430139450_1.fasta,,,,,,
WP_124565724.1,3.0,Ectobacillus antri,TOMM precursor leader peptide-binding protein,False,RefSeq,Ectobacillus antri,CGMCC 1.13871,GCF_042656645.1,NZ_JBHSPI010000024.1,SAMN43282760,Ectobacillus antri,Bacillota,Bacilli,Caryophanales,Bacillaceae,Ectobacillus,cellular organisms; Bacteria; Bacillati; Bacillota; Bacilli; Caryophanales; Bacillaceae; Ectobacillus,2022,missing,missing,Microbe sample from Ectobacillus antri,resultados/YcaO/neighborhoods/WP_124565724_1.fasta,,,,,,
WP_042347136.1,1.0,Bacillus massiliigorillae,TOMM precursor leader peptide-binding protein,False,RefSeq,Bacillus massiliigorillae,G2,GCF_000380245.2,NZ_HG428741.1,SAMEA2272460,Bacillus massiliigorillae,Bacillota,Bacilli,Caryophanales,Bacillaceae,Bacillus,cellular organisms; Bacteria; Bacillati; Bacillota; Bacilli; Caryophanales; Bacillaceae; Bacillus,,,,BioSample entry for genome collection GCA_000380245,resultados/YcaO/neighborhoods/WP_042347136_1.fasta,,,,,,
MGM9927791.1,1.0,Bacillus sp. (in: firmicutes),TOMM precursor leader peptide-binding protein,False,GenBank/INSDC,Bacillus sp. (in: firmicutes),,GCA_051873995.1,JBJEFL010000063.1,SAMN43789212,Bacillus sp. (in: firmicutes),Bacillota,Bacilli,Caryophanales,Bacillaceae,Bacillus,cellular organisms; Bacteria; Bacillati; Bacillota; Bacilli; Caryophanales; Bacillaceae; Bacillus; unclassified Bacillus (in: firmicutes),2019-08-01,feces of wild boar,Singapore: Lorong Halus,MIMAG Metagenome-assembled Genome sample from Bacillus sp. (in: firmicutes),resultados/YcaO/neighborhoods/MGM9927791_1.fasta,NCIT:C34082,NCIT:C13234,NCIT:C160991,Sus scrofa vittatus,1.393822 N 103.927637 E,
WP_201648119.1,6.0,Peribacillus psychrosaccharolyticus,TOMM precursor leader peptide-binding protein,False,RefSeq,Peribacillus psychrosaccharolyticus,FDAARGOS_1161,GCF_016724865.1,NZ_CP068053.1,SAMN16357330,Peribacillus psychrosaccharolyticus,Bacillota,Bacilli,Caryophanales,Bacillaceae,Peribacillus,cellular organisms; Bacteria; Bacillati; Bacillota; Bacilli; Caryophanales; Bacillaceae; Peribacillus,missing,missing,USA:MD,Pathogen: clinical or host-associated sample from Peribacillus psychrosaccharolyticus,resultados/YcaO/neighborhoods/WP_201648119_1.fasta,,,,missing,not applicable,
MGM9923677.1,1.0,Bacillus sp. (in: firmicutes),TOMM precursor leader peptide-binding protein,False,GenBank/INSDC,Bacillus sp. (in: firmicutes),,GCA_051874035.1,JBJEFM010000076.1,SAMN43789211,Bacillus sp. (in: firmicutes),Bacillota,Bacilli,Caryophanales,Bacillaceae,Bacillus,cellular organisms; Bacteria; Bacillati; Bacillota; Bacilli; Caryophanales; Bacillaceae; Bacillus; unclassified Bacillus (in: firmicutes),2019-07-16,feces of wild boar,Singapore: Pulau Ubin,MIMAG Metagenome-assembled Genome sample from Bacillus sp. (in: firmicutes),resultados/YcaO/neighborhoods/MGM9923677_1.fasta,NCIT:C34082,NCIT:C13234,NCIT:C160991,Sus scrofa vittatus,1.405 N 103.970 E,
WP_402961649.1,2.0,Peribacillus sp. NPDC097295,TOMM precursor leader peptide-binding protein,False,RefSeq,Peribacillus sp. NPDC097295,NPDC097295,GCF_044761665.1,NZ_JBIWCW010000001.1,SAMN43998125,Peribacillus sp. NPDC097295,Bacillota,Bacilli,Caryophanales,Bacillaceae,Peribacillus,cellular organisms; Bacteria; Bacillati; Bacillota; Bacilli; Caryophanales; Bacillaceae; Peribacillus; unclassified Peribacillus,not applicable,,not applicable,MIGS Cultured Bacterial/Archaeal sample from Peribacillus sp. NPDC097295,resultados/YcaO/neighborhoods/WP_402961649_1.fasta,not applicable,not applicable,not applicable,,not applicable,
WP_403124651.1,2.0,Peribacillus sp. NPDC097225,TOMM precursor leader peptide-binding protein,False,RefSeq,Peribacillus sp. NPDC097225,NPDC097225,GCF_044761955.1,NZ_JBIWDJ010000006.1,SAMN43998112,Peribacillus sp. NPDC097225,Bacillota,Bacilli,Caryophanales,Bacillaceae,Peribacillus,cellular organisms; Bacteria; Bacillati; Bacillota; Bacilli; Caryophanales; Bacillaceae; Peribacillus; unclassified Peribacillus,not applicable,,not applicable,MIGS Cultured Bacterial/Archaeal sample from Peribacillus sp. NPDC097225,resultados/YcaO/neighborhoods/WP_403124651_1.fasta,not applicable,not applicable,not applicable,,not applicable,
WP_335508823.1,2.0,Bacillus sp. JJ722,TOMM precursor leader peptide-binding protein,False,RefSeq,Bacillus sp. JJ722,JJ722,GCF_036963345.1,NZ_JBALMO010000150.1,SAMN40001932,Bacillus sp. JJ722,Bacillota,Bacilli,Caryophanales,Bacillaceae,Bacillus,cellular organisms; Bacteria; Bacillati; Bacillota; Bacilli; Caryophanales; Bacillaceae; Bacillus; unclassified Bacillus (in: firmicutes),2014,rhizoplane,USA: Wisconsin,Microbe sample from Bacillus sp. JJ722,resultados/YcaO/neighborhoods/WP_335508823_1.fasta,,,,corn,,
WP_377363636.1,2.0,Peribacillus muralis,TOMM precursor leader peptide-binding protein,False,RefSeq,Peribacillus muralis,NPDC059962,GCF_042738255.1,NZ_JBHWUB010000008.1,SAMN43798334,Peribacillus muralis,Bacillota,Bacilli,Caryophanales,Bacillaceae,Peribacillus,cellular organisms; Bacteria; Bacillati; Bacillota; Bacilli; Caryophanales; Bacillaceae; Peribacillus,2010-01-01,,not applicable,MIGS Cultured Bacterial/Archaeal sample from Peribacillus muralis,resultados/YcaO/neighborhoods/WP_377363636_1.fasta,not applicable,not applicable,not applicable,,not applicable,
WP_285767349.1,1.0,Peribacillus folii,TOMM precursor leader peptide-binding protein,False,RefSeq,Peribacillus folii,SI8-4,GCF_030271255.1,NZ_JASJOM010000005.1,SAMN35151479,Peribacillus folii,Bacillota,Bacilli,Caryophanales,Bacillaceae,Peribacillus,cellular organisms; Bacteria; Bacillati; Bacillota; Bacilli; Caryophanales; Bacillaceae; Peribacillus,2020-11,leaves,Thailand: Kanchanaburi,Microbe sample from Peribacillus folii,resultados/YcaO/neighborhoods/WP_285767349_1.fasta,,,,Kaempferia marginata,14.1011 N 99.4179 E,
WP_427676494.1,2.0,Peribacillus muralis,TOMM precursor leader peptide-binding protein,False,RefSeq,Peribacillus muralis,NPDC093748,GCF_050279785.1,NZ_JBNNUN010000012.1,SAMN46054591,Peribacillus muralis,Bacillota,Bacilli,Caryophanales,Bacillaceae,Peribacillus,cellular organisms; Bacteria; Bacillati; Bacillota; Bacilli; Caryophanales; Bacillaceae; Peribacillus,not applicable,,not applicable,MIGS Cultured Bacterial/Archaeal sample from Peribacillus muralis,resultados/YcaO/neighborhoods/WP_427676494_1.fasta,not applicable,not applicable,not applicable,,not applicable,
WP_340372058.1,2.0,Peribacillus sp. FSL E2-0218,TOMM precursor leader peptide-binding protein,False,RefSeq,Peribacillus sp. FSL E2-0218,,GCF_037992945.1,NZ_CP150304.1,SAMN25893830,Peribacillus sp. FSL E2-0218,Bacillota,Bacilli,Caryophanales,Bacillaceae,Peribacillus,cellular organisms; Bacteria; Bacillati; Bacillota; Bacilli; Caryophanales; Bacillaceae; Peribacillus; unclassified Peribacillus,not collected,milk powder,not applicable,WGS of Bacilli,resultados/YcaO/neighborhoods/WP_340372058_1.fasta,,,,not applicable,,
WP_328115606.1,2.0,Peribacillus butanolivorans,TOMM precursor leader peptide-binding protein,False,RefSeq,Peribacillus butanolivorans,NRS-1702,GCF_036219605.1,NZ_JARMRV010000054.1,SAMN33769967,Peribacillus butanolivorans,Bacillota,Bacilli,Caryophanales,Bacillaceae,Peribacillus,cellular organisms; Bacteria; Bacillati; Bacillota; Bacilli; Caryophanales; Bacillaceae; Peribacillus,1977-06-20,not collected,not collected,Microbe sample from Peribacillus butanolivorans,resultados/YcaO/neighborhoods/WP_328115606_1.fasta,,,,,,
WP_377429048.1,2.0,Peribacillus butanolivorans,TOMM precursor leader peptide-binding protein,False,RefSeq,Peribacillus butanolivorans,NPDC056906,GCF_042788375.1,NZ_JBHUBZ010000016.1,SAMN43795978,Peribacillus butanolivorans,Bacillota,Bacilli,Caryophanales,Bacillaceae,Peribacillus,cellular organisms; Bacteria; Bacillati; Bacillota; Bacilli; Caryophanales; Bacillaceae; Peribacillus,2010-01-01,,China,MIGS Cultured Bacterial/Archaeal sample from Peribacillus butanolivorans,resultados/YcaO/neighborhoods/WP_377429048_1.fasta,not applicable,not applicable,not applicable,,not applicable,
WP_410861556.1,2.0,Peribacillus sp. SIMBA_075,TOMM precursor leader peptide-binding protein,False,RefSeq,Peribacillus sp. SIMBA_075,SIMBA_075,GCF_046534585.1,NZ_JAWRYN010000010.1,SAMN37992210,Peribacillus sp. SIMBA_075,Bacillota,Bacilli,Caryophanales,Bacillaceae,Peribacillus,cellular organisms; Bacteria; Bacillati; Bacillota; Bacilli; Caryophanales; Bacillaceae; Peribacillus; unclassified Peribacillus,2007-05,cork,Italy,Microbe sample from Peribacillus sp. SIMBA_075,resultados/YcaO/neighborhoods/WP_410861556_1.fasta,,,Cropland biome (ENVO:01000245),,,
WP_230160735.1,2.0,Peribacillus sp. Bi96,TOMM precursor leader peptide-binding protein,False,RefSeq,Peribacillus sp. Bi96,,GCF_918698115.1,NZ_CAKKLV010000019.1,SAMEA7892366,Peribacillus sp. Bi96,Bacillota,Bacilli,Caryophanales,Bacillaceae,Peribacillus,cellular organisms; Bacteria; Bacillati; Bacillota; Bacilli; Caryophanales; Bacillaceae; Peribacillus; unclassified Peribacillus,2017-10-02,,United Kingdom,barley SynCom isolate Bi96,resultados/YcaO/neighborhoods/WP_230160735_1.fasta,Rhizosphere,Soil,Agricultural biome,,,
WP_406627522.1,1.0,Peribacillus frigoritolerans,TOMM precursor leader peptide-binding protein,False,RefSeq,Peribacillus frigoritolerans,HMB20428,GCF_026013865.1,NZ_CP110263.1,SAMN31494925,Peribacillus frigoritolerans,Bacillota,Bacilli,Caryophanales,Bacillaceae,Peribacillus,cellular organisms; Bacteria; Bacillati; Bacillota; Bacilli; Caryophanales; Bacillaceae; Peribacillus,2010-12-20,,China: Baoding,Microbe sample from Peribacillus frigoritolerans,resultados/YcaO/neighborhoods/WP_406627522_1.fasta,,,,plant,,
WP_202078830.1,1.0,Caldalkalibacillus salinus,TOMM precursor leader peptide-binding protein,False,RefSeq,Caldalkalibacillus salinus,YIM B00319,GCF_016745835.1,NZ_JAERVL010000004.1,SAMN17313507,Caldalkalibacillus salinus,Bacillota,Bacilli,Caryophanales,Bacillaceae,Caldalkalibacillus,cellular organisms; Bacteria; Bacillati; Bacillota; Bacilli; Caryophanales; Bacillaceae; Caldalkalibacillus,2020-09-19,salt lake soil,China,Microbe sample from Caldalkalibacillus salinus,resultados/YcaO/neighborhoods/WP_202078830_1.fasta,,,,,,
WP_046525541.1,2.0,Mesobacillus campisalis,TOMM precursor leader peptide-binding protein,False,RefSeq,Mesobacillus campisalis,SA2-6,GCF_000986785.1,NZ_LAYY01000034.1,SAMN03454233,Mesobacillus campisalis,Bacillota,Bacilli,Caryophanales,Bacillaceae,Mesobacillus,cellular organisms; Bacteria; Bacillati; Bacillota; Bacilli; Caryophanales; Bacillaceae; Mesobacillus,2011-09,solar saltern,India: Kanyakumari,Bacillus campisalis (Strain SA2-6) sp.nov. Genome sequencing and assembly,resultados/YcaO/neighborhoods/WP_046525541_1.fasta,,,,,,
WP_184525239.1,2.0,Bacillus benzoevorans,TOMM precursor leader peptide-binding protein,False,RefSeq,Bacillus benzoevorans,DSM 5391,GCF_014207535.1,NZ_JACHGK010000005.1,SAMN14908537,Bacillus benzoevorans,Bacillota,Bacilli,Caryophanales,Bacillaceae,Bacillus,cellular organisms; Bacteria; Bacillati; Bacillota; Bacilli; Caryophanales; Bacillaceae; Bacillus,missing,missing,missing,Bacillus benzoevorans DSM 5391,resultados/YcaO/neighborhoods/WP_184525239_1.fasta,missing,missing,missing,not applicable,missing,
WP_136351696.1,4.0,Metabacillus sediminilitoris,TOMM precursor leader peptide-binding protein,False,RefSeq,Metabacillus sediminilitoris,DSL-17,GCF_009720625.1,NZ_CP046266.1,SAMN13336233,Metabacillus sediminilitoris,Bacillota,Bacilli,Caryophanales,Bacillaceae,Metabacillus,cellular organisms; Bacteria; Bacillati; Bacillota; Bacilli; Caryophanales; Bacillaceae; Metabacillus,2018-02-28,sediment,China: the East China Sea,Microbe sample from Metabacillus sediminilitoris,resultados/YcaO/neighborhoods/WP_136351696_1.fasta,,,,,,
WP_343800368.1,2.0,Bacillus carboniphilus,TOMM precursor leader peptide-binding protein,False,RefSeq,Bacillus carboniphilus,JCM 9731,GCF_039522365.1,NZ_BAAADJ010000052.1,SAMD00644957,Bacillus carboniphilus,Bacillota,Bacilli,Caryophanales,Bacillaceae,Bacillus,cellular organisms; Bacteria; Bacillati; Bacillota; Bacilli; Caryophanales; Bacillaceae; Bacillus,2005-09-26,air,Japan,Bacillus carboniphilus strain JCM 9731 genome sample,resultados/YcaO/neighborhoods/WP_343800368_1.fasta,,,,,,
MGM0852453.1,1.0,Bacillota bacterium,TOMM precursor leader peptide-binding protein,False,GenBank/INSDC,Bacillota bacterium,not collected,GCA_051750565.1,JBNJJV010000002.1,SAMN45962184,Bacillota bacterium,Bacillota,,,,,cellular organisms; Bacteria; Bacillati; Bacillota; unclassified Bacillota,2024-03-11,salt lake,China: Xinjiang,MIMAG Metagenome-assembled Genome sample from Bacillota bacterium,resultados/YcaO/neighborhoods/MGM0852453_1.fasta,missing,missing,missing,not collected,43.6643 N 92.7978 E,
WP_203555391.1,2.0,Bacillus sp. B15-48,TOMM precursor leader peptide-binding protein,False,RefSeq,Bacillus sp. B15-48,B15-48,GCF_016879755.1,NZ_WOFU01000003.1,SAMN13420636,Bacillus sp. B15-48,Bacillota,Bacilli,Caryophanales,Bacillaceae,Bacillus,cellular organisms; Bacteria; Bacillati; Bacillota; Bacilli; Caryophanales; Bacillaceae; Bacillus; unclassified Bacillus (in: firmicutes),2013-09-16,lake sediment,Hungary: Kiskunsag National Park,Microbe sample from Bacillus alkalilimosus B15-48,resultados/YcaO/neighborhoods/WP_203555391_1.fasta,,,,,,
WP_205186330.1,4.0,Priestia iocasae,TOMM precursor leader peptide-binding protein,False,RefSeq,Priestia iocasae,DSM 104297,GCF_016909075.1,NZ_JAFBFC010000003.1,SAMN17620032,Priestia iocasae,Bacillota,Bacilli,Caryophanales,Bacillaceae,Priestia,cellular organisms; Bacteria; Bacillati; Bacillota; Bacilli; Caryophanales; Bacillaceae; Priestia,missing,missing,missing,Bacillus iocasae DSM 104297,resultados/YcaO/neighborhoods/WP_205186330_1.fasta,missing,missing,missing,not applicable,missing,
WP_251525773.1,2.0,Metabacillus litoralis,TOMM precursor leader peptide-binding protein,False,RefSeq,Metabacillus litoralis,MER TA 86,GCF_023715305.1,NZ_JAMBNW010000003.1,SAMN28071813,Metabacillus litoralis,Bacillota,Bacilli,Caryophanales,Bacillaceae,Metabacillus,cellular organisms; Bacteria; Bacillati; Bacillota; Bacilli; Caryophanales; Bacillaceae; Metabacillus,2013-07-30,spacecraft surface,USA,Microbe sample from Metabacillus litoralis,resultados/YcaO/neighborhoods/WP_251525773_1.fasta,,,,,,
WP_439251850.1,2.0,Metabacillus sp. Hm71,TOMM precursor leader peptide-binding protein,False,RefSeq,Metabacillus sp. Hm71,Hm71,GCF_051842955.1,NZ_JBPXRS010000009.1,SAMN50083334,Metabacillus sp. Hm71,Bacillota,Bacilli,Caryophanales,Bacillaceae,Metabacillus,cellular organisms; Bacteria; Bacillati; Bacillota; Bacilli; Caryophanales; Bacillaceae; Metabacillus; unclassified Metabacillus,2024-12-23,,China,MIGS Cultured Bacterial/Archaeal sample from Metabacillus sp. Hm71,resultados/YcaO/neighborhoods/WP_439251850_1.fasta,ENVO:00000437,ENVO:00002184,ENVO:00000437,,21.0437 N 109.0828 E,
WP_417899701.1,2.0,Bacillus haimaensis,TOMM precursor leader peptide-binding protein,False,RefSeq,Bacillus haimaensis,CSS-39,GCF_048270625.1,NZ_CP158164.1,SAMN41724761,Bacillus haimaensis,Bacillota,Bacilli,Caryophanales,Bacillaceae,Bacillus,cellular organisms; Bacteria; Bacillati; Bacillota; Bacilli; Caryophanales; Bacillaceae; Bacillus,2019-07-19,,China: South China Sea,MIGS Cultured Bacterial/Archaeal sample from Bacillus haimaensis,resultados/YcaO/neighborhoods/WP_417899701_1.fasta,marine environmental zone [ENVO:01001201],marine sediment [ENVO:03000033],marine benthic biome [ENVO:01000024],,16.73 N 110.475 E,
WP_338753039.1,2.0,Bacillus kandeliae,TOMM precursor leader peptide-binding protein,False,RefSeq,Bacillus kandeliae,FJAT-52991,GCF_037201805.1,NZ_CP147404.1,SAMN39644993,Bacillus kandeliae,Bacillota,Bacilli,Caryophanales,Bacillaceae,Bacillus,cellular organisms; Bacteria; Bacillati; Bacillota; Bacilli; Caryophanales; Bacillaceae; Bacillus,2019-08-30,marine sediment,China: Fujian,Microbe sample from Bacillus kandeliae,resultados/YcaO/neighborhoods/WP_338753039_1.fasta,,,,sediment,,
WP_209149902.1,2.0,Priestia aryabhattai,TOMM precursor leader peptide-binding protein,False,RefSeq,Priestia aryabhattai,LAD,GCF_017743055.1,NZ_CP072473.1,SAMN18437199,Priestia aryabhattai,Bacillota,Bacilli,Caryophanales,Bacillaceae,Priestia,cellular organisms; Bacteria; Bacillati; Bacillota; Bacilli; Caryophanales; Bacillaceae; Priestia,2020-08-17,soil,China:Shenyang,Microbe sample from Priestia aryabhattai,resultados/YcaO/neighborhoods/WP_209149902_1.fasta,,,,,,
WP_191158009.1,2.0,Metabacillus arenae,TOMM precursor leader peptide-binding protein,False,RefSeq,Metabacillus arenae,IB182487,GCF_014773385.1,NZ_JACXAI010000009.1,SAMN16094715,Metabacillus arenae,Bacillota,Bacilli,Caryophanales,Bacillaceae,Metabacillus,cellular organisms; Bacteria; Bacillati; Bacillota; Bacilli; Caryophanales; Bacillaceae; Metabacillus,2018-03-11,coastal soil,China: Sansha,Microbe sample from Metabacillus arenae,resultados/YcaO/neighborhoods/WP_191158009_1.fasta,,,,,,
USK33104.1,1.0,Bacillus sp. F19,TOMM precursor leader peptide-binding protein,False,GenBank/INSDC,Bacillus sp. F19,F19,GCA_023823795.1,CP085710.1,SAMN22304398,Bacillus sp. F19,Bacillota,Bacilli,Caryophanales,Bacillaceae,Bacillus,cellular organisms; Bacteria; Bacillati; Bacillota; Bacilli; Caryophanales; Bacillaceae; Bacillus; unclassified Bacillus (in: firmicutes),2016-10,soil,China,Microbe sample from Bacillus sp. F19,resultados/YcaO/neighborhoods/USK33104_1.fasta,,,,,,
WP_378935837.1,2.0,Metabacillus herbersteinensis,TOMM precursor leader peptide-binding protein,False,RefSeq,Metabacillus herbersteinensis,CCM 7228,GCA_042433335.1,JBHLVO010000015.1,SAMN43281596,Metabacillus herbersteinensis,Bacillota,Bacilli,Caryophanales,Bacillaceae,Metabacillus,cellular organisms; Bacteria; Bacillati; Bacillota; Bacilli; Caryophanales; Bacillaceae; Metabacillus,2020,missing,missing,Microbe sample from Metabacillus herbersteinensis,resultados/YcaO/neighborhoods/WP_378935837_1.fasta,,,,,,
WP_101569076.1,2.0,Bacillus sp. UMB0893,TOMM precursor leader peptide-binding protein,False,RefSeq,Bacillus sp. UMB0893,UMB0893,GCF_002858905.1,NZ_PKLB01000010.1,SAMN08193646,Bacillus sp. UMB0893,Bacillota,Bacilli,Caryophanales,Bacillaceae,Bacillus,cellular organisms; Bacteria; Bacillati; Bacillota; Bacilli; Caryophanales; Bacillaceae; Bacillus; unclassified Bacillus (in: firmicutes),2015,,"USA: Maywood, IL",MIGS Cultured Bacterial/Archaeal sample from Bacillus sp. UMB0893,resultados/YcaO/neighborhoods/WP_101569076_1.fasta,not applicable,not applicable,not applicable,Homo sapiens,not applicable,
WP_304978657.1,2.0,Alkalihalobacillus sp. AL-G,TOMM precursor leader peptide-binding protein,False,RefSeq,Alkalihalobacillus sp. AL-G,AL-G,GCF_030643805.1,NZ_CP094656.1,SAMN26633777,Alkalihalobacillus sp. AL-G,Bacillota,Bacilli,Caryophanales,Bacillaceae,Alkalihalobacillus,cellular organisms; Bacteria; Bacillati; Bacillota; Bacilli; Caryophanales; Bacillaceae; Alkalihalobacillus; unclassified Alkalihalobacillus,2020-12-31,sponge,Israel: Eilat,Microbe sample from Alkalihalobacillus sp. AL-G,resultados/YcaO/neighborhoods/WP_304978657_1.fasta,,,,,,
WP_251284200.1,3.0,Cytobacillus sp. AMY 15.2; Cytobacillus sp. FSL R5-0377,TOMM precursor leader peptide-binding protein,False,RefSeq,Cytobacillus sp. AMY 15.2,AMY 15.2,GCF_023714805.1,NZ_JAMATP010000017.1,SAMN27921952,Cytobacillus sp. AMY 15.2,Bacillota,Bacilli,Caryophanales,Bacillaceae,Cytobacillus,cellular organisms; Bacteria; Bacillati; Bacillota; Bacilli; Caryophanales; Bacillaceae; Cytobacillus; unclassified Cytobacillus,2007-06-01,Cleanroom,USA,Microbe sample from Cytobacillus sp. AMY 15.2,resultados/YcaO/neighborhoods/WP_251284200_1.fasta,,,,,,
WP_404354919.1,2.0,Cytobacillus firmus,TOMM precursor leader peptide-binding protein,False,RefSeq,Cytobacillus firmus,WLG-456,GCF_044793645.1,NZ_CP084990.1,SAMN22138154,Cytobacillus firmus,Bacillota,Bacilli,Caryophanales,Bacillaceae,Cytobacillus,cellular organisms; Bacteria; Bacillati; Bacillota; Bacilli; Caryophanales; Bacillaceae; Cytobacillus,2020-09-27,,China:Xinjiang,MIGS Cultured Bacterial/Archaeal sample from Cytobacillus firmus,resultados/YcaO/neighborhoods/WP_404354919_1.fasta,lake shore,lake sediment,saline lake,,47.3 N 87.61 E,
WP_264737799.1,1.0,Cytobacillus firmus,TOMM precursor leader peptide-binding protein,False,RefSeq,Cytobacillus firmus,TNAU1,GCF_025971825.1,NZ_JAPDNM010000002.1,SAMN31507763,Cytobacillus firmus,Bacillota,Bacilli,Caryophanales,Bacillaceae,Cytobacillus,cellular organisms; Bacteria; Bacillati; Bacillota; Bacilli; Caryophanales; Bacillaceae; Cytobacillus,2019-07-17,,India,MIGS Cultured Bacterial/Archaeal sample from Cytobacillus firmus,resultados/YcaO/neighborhoods/WP_264737799_1.fasta,"Plains nearer to western ghats, Tamil Nadu",plant Rizhosphere,estuarine biome,Cucumis sativus,10.971254 N 76.865341 E,
WP_370222952.1,2.0,Cytobacillus sp.,TOMM precursor leader peptide-binding protein,False,RefSeq,Cytobacillus sp.,,GCF_964223445.1,NZ_CAXQGS010000059.1,SAMEA115927005,Cytobacillus sp.,Bacillota,Bacilli,Caryophanales,Bacillaceae,Cytobacillus,cellular organisms; Bacteria; Bacillati; Bacillota; Bacilli; Caryophanales; Bacillaceae; Cytobacillus; unclassified Cytobacillus,2022-08-01,seawater,China,3um_A1Z0714_2.38,resultados/YcaO/neighborhoods/WP_370222952_1.fasta,,estuarine biome,aquatic biome,,,
WP_264806830.1,2.0,Cytobacillus sp. NCCP-133,TOMM precursor leader peptide-binding protein,False,RefSeq,Cytobacillus sp. NCCP-133,NCCP-133,GCF_026011715.1,NZ_BRVM01000023.1,SAMD00513742,Cytobacillus sp. NCCP-133,Bacillota,Bacilli,Caryophanales,Bacillaceae,Cytobacillus,cellular organisms; Bacteria; Bacillati; Bacillota; Bacilli; Caryophanales; Bacillaceae; Cytobacillus; unclassified Cytobacillus,2009-11-11,sewage sludge,"Pakistan:Islamabad, Sector I-9, Wastewater Treatment Pond","Cytobacillus sp. NCCP-133 isolated from sewage sludge sample collected from pond of waste water treatment plant at Islamabad, Pakistan",resultados/YcaO/neighborhoods/WP_264806830_1.fasta,Wastewater treatment pond,sewage sludge,Wastewater sewage sludge,,33.6509 N 73.0533 E,
WP_394138974.1,2.0,Cytobacillus oceanisediminis,TOMM precursor leader peptide-binding protein,False,RefSeq,Cytobacillus oceanisediminis,HQB-94,GCF_043422215.1,NZ_JBHOGY010000006.1,SAMN32650250,Cytobacillus oceanisediminis,Bacillota,Bacilli,Caryophanales,Bacillaceae,Cytobacillus,cellular organisms; Bacteria; Bacillati; Bacillota; Bacilli; Caryophanales; Bacillaceae; Cytobacillus,2021-12-23,Sediments in Litoditis marina habitat,China: Qingdao,Microbe sample from Cytobacillus oceanisediminis,resultados/YcaO/neighborhoods/WP_394138974_1.fasta,,,,,,
WP_214722636.1,3.0,Bacillus sp. ISL-47; Pseudomonas sp. ISL-84,TOMM precursor leader peptide-binding protein,False,RefSeq,Bacillus sp. ISL-47,ISL-47,GCF_018613175.1,NZ_JAGGQS010000002.1,SAMN18299014,Bacillus sp. ISL-47,Bacillota,Bacilli,Caryophanales,Bacillaceae,Bacillus,cellular organisms; Bacteria; Bacillati; Bacillota; Bacilli; Caryophanales; Bacillaceae; Bacillus; unclassified Bacillus (in: firmicutes),2017-04,,"Chile: Atacama Desert, between Atacama Salar and Lajia lagoon",ISL47,resultados/YcaO/neighborhoods/WP_214722636_1.fasta,slope[ENVO:00002000]|vegetation layer[ENVO:01000355],steppe soil[ENVO:00005777]|soil organic matter[ENVO:04000008],arid biome[ENVO:01001838],,23.5043 S 67.6974 W,
WP_141432734.1,1.0,Bacillus sp. 03113,TOMM precursor leader peptide-binding protein,False,RefSeq,Bacillus sp. 03113,03113,GCF_006546985.1,NZ_VATK01000010.1,SAMN11577514,Bacillus sp. 03113,Bacillota,Bacilli,Caryophanales,Bacillaceae,Bacillus,cellular organisms; Bacteria; Bacillati; Bacillota; Bacilli; Caryophanales; Bacillaceae; Bacillus; unclassified Bacillus (in: firmicutes),2018-05-22,rice soil,China,Microbe sample from Bacillus sp. 03113,resultados/YcaO/neighborhoods/WP_141432734_1.fasta,,,,Oryza sativa,,
WP_307228611.1,4.0,Bacillus chungangensis,TOMM precursor leader peptide-binding protein,False,RefSeq,Bacillus chungangensis,DSM 23837,GCF_030812995.1,NZ_JAUSTT010000009.1,SAMN18243079,Bacillus chungangensis,Bacillota,Bacilli,Caryophanales,Bacillaceae,Bacillus,cellular organisms; Bacteria; Bacillati; Bacillota; Bacilli; Caryophanales; Bacillaceae; Bacillus,missing,missing,missing,Bacillus chungangensis DSM 23837,resultados/YcaO/neighborhoods/WP_307228611_1.fasta,missing,missing,missing,not applicable,missing,
WP_209123616.1,1.0,Alkalihalobacillus sp. BA299,TOMM precursor leader peptide-binding protein,False,RefSeq,Alkalihalobacillus sp. BA299,BA299,GCF_017745675.1,NZ_JAFLJM010000009.1,SAMN18117467,Alkalihalobacillus sp. BA299,Bacillota,Bacilli,Caryophanales,Bacillaceae,Alkalihalobacillus,cellular organisms; Bacteria; Bacillati; Bacillota; Bacilli; Caryophanales; Bacillaceae; Alkalihalobacillus; unclassified Alkalihalobacillus,2004-08-15,salt field,South Korea: Taean,Microbe sample from Alkalihalobacillus sp. BA299,resultados/YcaO/neighborhoods/WP_209123616_1.fasta,,,,,,
WP_205174600.1,2.0,Rossellomorea pakistanensis,TOMM precursor leader peptide-binding protein,False,RefSeq,Rossellomorea pakistanensis,DSM 24834,GCF_016908495.1,NZ_JAFBDZ010000004.1,SAMN17620005,Rossellomorea pakistanensis,Bacillota,Bacilli,Caryophanales,Bacillaceae,Rossellomorea,cellular organisms; Bacteria; Bacillati; Bacillota; Bacilli; Caryophanales; Bacillaceae; Rossellomorea,missing,missing,missing,Bacillus pakistanensis DSM 24834,resultados/YcaO/neighborhoods/WP_205174600_1.fasta,missing,missing,missing,not applicable,missing,
MGM0877780.1,1.0,Bacillota bacterium,TOMM precursor leader peptide-binding protein,False,GenBank/INSDC,Bacillota bacterium,not collected,GCA_051750265.1,JBNJJO010000032.1,SAMN45962191,Bacillota bacterium,Bacillota,,,,,cellular organisms; Bacteria; Bacillati; Bacillota; unclassified Bacillota,2024-03-11,salt lake,China: Xinjiang,MIMAG Metagenome-assembled Genome sample from Bacillota bacterium,resultados/YcaO/neighborhoods/MGM0877780_1.fasta,missing,missing,missing,not collected,43.6643 N 92.7978 E,
MBO8178592.1,1.0,Bacillus sp. (in: firmicutes),TOMM precursor leader peptide-binding protein,False,GenBank/INSDC,Bacillus sp. (in: firmicutes),,GCA_017656295.1,JACDOC010000024.1,SAMN15049716,Bacillus sp. (in: firmicutes),Bacillota,Bacilli,Caryophanales,Bacillaceae,Bacillus,cellular organisms; Bacteria; Bacillati; Bacillota; Bacilli; Caryophanales; Bacillaceae; Bacillus; unclassified Bacillus (in: firmicutes),2016-12-23,deep sea sediment sample 4871-20 in thermophilic enrichment culture,Mexico: Guaymas Basin,Bacillus GB_116,resultados/YcaO/neighborhoods/MBO8178592_1.fasta,,,,,27.04618 N 111.38483 W,
WP_190997881.1,2.0,Peribacillus faecalis,TOMM precursor leader peptide-binding protein,False,RefSeq,Peribacillus faecalis,AGMB 02131,GCF_014712675.1,NZ_JACXSI010000016.1,SAMN16177587,Peribacillus faecalis,Bacillota,Bacilli,Caryophanales,Bacillaceae,Peribacillus,cellular organisms; Bacteria; Bacillati; Bacillota; Bacilli; Caryophanales; Bacillaceae; Peribacillus,2019-09,feces,South Korea,Microbe sample from Peribacillus faecalis,resultados/YcaO/neighborhoods/WP_190997881_1.fasta,,,,cow,,
WP_050614951.1,1.0,Bacillus testis,TOMM precursor leader peptide-binding protein,False,RefSeq,Bacillus testis,SIT10,GCF_001243895.1,NZ_LN851186.1,SAMEA3393061,Bacillus testis,Bacillota,Bacilli,Caryophanales,Bacillaceae,Bacillus,cellular organisms; Bacteria; Bacillati; Bacillota; Bacilli; Caryophanales; Bacillaceae; Bacillus,,human gut,not provided,Human gut genome,resultados/YcaO/neighborhoods/WP_050614951_1.fasta,human gut,,human-associated habitat,,,
WP_019240802.1,1.0,Bacillus sp. AP8,TOMM precursor leader peptide-binding protein,False,RefSeq,Bacillus sp. AP8,AP8,GCF_000321185.1,NZ_CAPG01000019.1,SAMEA2272318,Bacillus sp. AP8,Bacillota,Bacilli,Caryophanales,Bacillaceae,Bacillus,cellular organisms; Bacteria; Bacillati; Bacillota; Bacilli; Caryophanales; Bacillaceae; Bacillus; unclassified Bacillus (in: firmicutes),,human gut,not provided,Human gut genome,resultados/YcaO/neighborhoods/WP_019240802_1.fasta,human gut,,human-associated habitat,,,
WP_077114160.1,5.0,Bacillus sp. VT-16-64; Siminovitchia sp. FSL H7-0308; Siminovitchia thermophila,TOMM precursor leader peptide-binding protein,False,RefSeq,Siminovitchia sp. FSL H7-0308,,GCF_037980985.1,NZ_CP150282.1,SAMN25893898,Siminovitchia sp. FSL H7-0308,Bacillota,Bacilli,Caryophanales,Bacillaceae,Siminovitchia,cellular organisms; Bacteria; Bacillati; Bacillota; Bacilli; Caryophanales; Bacillaceae; Siminovitchia; unclassified Siminovitchia,not collected,raw milk,not applicable,WGS of Bacilli,resultados/YcaO/neighborhoods/WP_077114160_1.fasta,,,,not applicable,,
WP_239432773.1,2.0,Sporosarcina sp. ACRSL,TOMM precursor leader peptide-binding protein,False,RefSeq,Sporosarcina sp. ACRSL,ACRSL,GCF_022346605.1,NZ_JAKRNT010000011.1,SAMN17729941,Sporosarcina sp. ACRSL,Bacillota,Bacilli,Caryophanales,Caryophanaceae,Sporosarcina,cellular organisms; Bacteria; Bacillati; Bacillota; Bacilli; Caryophanales; Caryophanaceae; Sporosarcina; unclassified Sporosarcina,2019,skin,USA,Sporosarcina sp. ACRSL,resultados/YcaO/neighborhoods/WP_239432773_1.fasta,Pc,not collected,human skin,Homo sapiens,38.999838 N 77.106017 W,
WP_060206736.1,1.0,Sporosarcina koreensis,TOMM precursor leader peptide-binding protein,False,RefSeq,Sporosarcina koreensis,Q1,GCF_001531445.1,NZ_LQYA01000064.1,SAMN04383605,Sporosarcina koreensis,Bacillota,Bacilli,Caryophanales,Caryophanaceae,Sporosarcina,cellular organisms; Bacteria; Bacillati; Bacillota; Bacilli; Caryophanales; Caryophanaceae; Sporosarcina,2013-04,Sand from a barchan sand dune,Qatar,MIGS Cultured Bacterial/Archaeal sample from Sporosarcina koreensis,resultados/YcaO/neighborhoods/WP_060206736_1.fasta,dune,sand,desert,,25.00945 N 51.34049000 E,
WP_381439362.1,2.0,Sporosarcina soli,TOMM precursor leader peptide-binding protein,False,RefSeq,Sporosarcina soli,KACC 11300,GCF_042655805.1,NZ_JBHSNO010000016.1,SAMN43282818,Sporosarcina soli,Bacillota,Bacilli,Caryophanales,Caryophanaceae,Sporosarcina,cellular organisms; Bacteria; Bacillati; Bacillota; Bacilli; Caryophanales; Caryophanaceae; Sporosarcina,2021,missing,missing,Microbe sample from Sporosarcina soli,resultados/YcaO/neighborhoods/WP_381439362_1.fasta,,,,,,
WP_342598111.1,2.0,Psychrobacillus sp. FSL H8-0483,TOMM precursor leader peptide-binding protein,False,RefSeq,Psychrobacillus sp. FSL H8-0483,FSL H8-0483,GCF_038637725.1,NZ_CP152052.1,SAMN25893855,Psychrobacillus sp. FSL H8-0483,Bacillota,Bacilli,Caryophanales,Bacillaceae,Psychrobacillus,cellular organisms; Bacteria; Bacillati; Bacillota; Bacilli; Caryophanales; Bacillaceae; Psychrobacillus; unclassified Psychrobacillus,not collected,water from parlor hose,not applicable,WGS of Bacilli,resultados/YcaO/neighborhoods/WP_342598111_1.fasta,,,,not applicable,,
CAG9607584.1,2.0,Pseudoneobacillus rhizosphaerae,hypothetical protein,True,GenBank/INSDC,Pseudoneobacillus rhizosphaerae,CIP 111885,GCA_917563885.1,CAKJTG010000006.1,SAMEA9995351,Pseudoneobacillus rhizosphaerae,Bacillota,Bacilli,Caryophanales,Bacillaceae,Pseudoneobacillus,cellular organisms; Bacteria; Bacillati; Bacillota; Bacilli; Caryophanales; Bacillaceae; Pseudoneobacillus,,,,Whole genome sequencing of Neobacillus sp. JJ-79 = CIP111885,resultados/YcaO/neighborhoods/CAG9607584_1.fasta,,,,,,
WP_151532787.1,2.0,Cytobacillus depressus,TOMM precursor leader peptide-binding protein,False,RefSeq,Cytobacillus depressus,BZ1,GCF_008923245.1,NZ_WBOS01000001.1,SAMN12869501,Cytobacillus depressus,Bacillota,Bacilli,Caryophanales,Bacillaceae,Cytobacillus,cellular organisms; Bacteria; Bacillati; Bacillota; Bacilli; Caryophanales; Bacillaceae; Cytobacillus,2015,soil sample,China,Microbe sample from Cytobacillus depressus,resultados/YcaO/neighborhoods/WP_151532787_1.fasta,,,,,,
WP_217038403.1,2.0,Bacillus sp. FJAT-29790,TOMM precursor leader peptide-binding protein,False,RefSeq,Bacillus sp. FJAT-29790,FJAT-29790,GCF_019039215.1,NZ_JAHNZZ010000001.1,SAMN05687774,Bacillus sp. FJAT-29790,Bacillota,Bacilli,Caryophanales,Bacillaceae,Bacillus,cellular organisms; Bacteria; Bacillati; Bacillota; Bacilli; Caryophanales; Bacillaceae; Bacillus; unclassified Bacillus (in: firmicutes),2014-12-01,root,China:Fujian,Microbe sample from Bacillus sp. FJAT-29790,resultados/YcaO/neighborhoods/WP_217038403_1.fasta,,,,,,
WP_066300398.1,1.0,Bacillus sp. FJAT-29937,TOMM precursor leader peptide-binding protein,False,RefSeq,Bacillus sp. FJAT-29937,FJAT-29937,GCF_001509555.1,NZ_LMAS01000012.1,SAMN04099166,Bacillus sp. FJAT-29937,Bacillota,Bacilli,Caryophanales,Bacillaceae,Bacillus,cellular organisms; Bacteria; Bacillati; Bacillota; Bacilli; Caryophanales; Bacillaceae; Bacillus; unclassified Bacillus (in: firmicutes),2015-02-11,soil,China: Fujian,Microbe sample from Bacillus sp. FJAT-29937,resultados/YcaO/neighborhoods/WP_066300398_1.fasta,,,,,,
WP_335353722.1,2.0,Bacillus sp. JJ1474,TOMM precursor leader peptide-binding protein,False,RefSeq,Bacillus sp. JJ1474,JJ1474,GCF_036965225.1,NZ_JBALPC010000043.1,SAMN40001853,Bacillus sp. JJ1474,Bacillota,Bacilli,Caryophanales,Bacillaceae,Bacillus,cellular organisms; Bacteria; Bacillati; Bacillota; Bacilli; Caryophanales; Bacillaceae; Bacillus; unclassified Bacillus (in: firmicutes),2014,rhizoplane,USA: Ohio,Microbe sample from Bacillus sp. JJ1474,resultados/YcaO/neighborhoods/WP_335353722_1.fasta,,,,corn,,
WP_335424268.1,2.0,Bacillus sp. JJ1566,TOMM precursor leader peptide-binding protein,False,RefSeq,Bacillus sp. JJ1566,JJ1566,GCF_036962685.1,NZ_JBALOP010000079.1,SAMN40001867,Bacillus sp. JJ1566,Bacillota,Bacilli,Caryophanales,Bacillaceae,Bacillus,cellular organisms; Bacteria; Bacillati; Bacillota; Bacilli; Caryophanales; Bacillaceae; Bacillus; unclassified Bacillus (in: firmicutes),2014,emissingophyte,USA: Ohio,Microbe sample from Bacillus sp. JJ1566,resultados/YcaO/neighborhoods/WP_335424268_1.fasta,,,,corn,,
WP_335704340.1,2.0,Bacillus sp. JJ1562,TOMM precursor leader peptide-binding protein,False,RefSeq,Bacillus sp. JJ1562,JJ1562,GCF_036962705.1,NZ_JBALOQ010000022.1,SAMN40001866,Bacillus sp. JJ1562,Bacillota,Bacilli,Caryophanales,Bacillaceae,Bacillus,cellular organisms; Bacteria; Bacillati; Bacillota; Bacilli; Caryophanales; Bacillaceae; Bacillus; unclassified Bacillus (in: firmicutes),2014,emissingophyte,USA: Ohio,Microbe sample from Bacillus sp. JJ1562,resultados/YcaO/neighborhoods/WP_335704340_1.fasta,,,,corn,,
WP_335395742.1,2.0,Bacillus sp. JJ1533,TOMM precursor leader peptide-binding protein,False,RefSeq,Bacillus sp. JJ1533,JJ1533,GCF_036965045.1,NZ_JBALOV010000014.1,SAMN40001861,Bacillus sp. JJ1533,Bacillota,Bacilli,Caryophanales,Bacillaceae,Bacillus,cellular organisms; Bacteria; Bacillati; Bacillota; Bacilli; Caryophanales; Bacillaceae; Bacillus; unclassified Bacillus (in: firmicutes),2014,emissingophyte,USA: Ohio,Microbe sample from Bacillus sp. JJ1533,resultados/YcaO/neighborhoods/WP_335395742_1.fasta,,,,corn,,
WP_335370013.1,2.0,Bacillus sp. JJ1521,TOMM precursor leader peptide-binding protein,False,RefSeq,Bacillus sp. JJ1521,JJ1521,GCF_036965165.1,NZ_JBALOX010000212.1,SAMN40001858,Bacillus sp. JJ1521,Bacillota,Bacilli,Caryophanales,Bacillaceae,Bacillus,cellular organisms; Bacteria; Bacillati; Bacillota; Bacilli; Caryophanales; Bacillaceae; Bacillus; unclassified Bacillus (in: firmicutes),2014,emissingophyte,USA: Ohio,Microbe sample from Bacillus sp. JJ1521,resultados/YcaO/neighborhoods/WP_335370013_1.fasta,,,,corn,,
WP_091587821.1,2.0,Alteribacillus bidgolensis,TOMM precursor leader peptide-binding protein,False,RefSeq,Alteribacillus bidgolensis,DSM 25260,GCF_002886255.1,NZ_KZ614149.1,SAMN07249149,Alteribacillus bidgolensis,Bacillota,Bacilli,Caryophanales,Bacillaceae,Alteribacillus,cellular organisms; Bacteria; Bacillati; Bacillota; Bacilli; Caryophanales; Bacillaceae; Alteribacillus,2012,water of the hypersaline Aran-Bidgol lake in Iran,Iran,Microbe sample from Alteribacillus bidgolensis,resultados/YcaO/neighborhoods/WP_091587821_1.fasta,,,,,,
WP_066198254.1,5.0,Cytobacillus horneckiae,TOMM precursor leader peptide-binding protein,False,RefSeq,Cytobacillus horneckiae,B-59272,GCF_036216715.1,NZ_JARMMB010000001.1,SAMN32974842,Cytobacillus horneckiae,Bacillota,Bacilli,Caryophanales,Bacillaceae,Cytobacillus,cellular organisms; Bacteria; Bacillati; Bacillota; Bacilli; Caryophanales; Bacillaceae; Cytobacillus,2009-05-05,Phoenix spacecraft associated environments,USA: Florida,Microbe sample from Cytobacillus horneckiae,resultados/YcaO/neighborhoods/WP_066198254_1.fasta,,,,,,
WP_132004928.1,1.0,Mesobacillus foraminis,TOMM precursor leader peptide-binding protein,False,RefSeq,Mesobacillus foraminis,CV53,GCF_004340465.1,NZ_SLVV01000004.1,SAMN10864721,Mesobacillus foraminis,Bacillota,Bacilli,Caryophanales,Bacillaceae,Mesobacillus,cellular organisms; Bacteria; Bacillati; Bacillota; Bacilli; Caryophanales; Bacillaceae; Mesobacillus,missing,missing,missing,Bacillus foraminis CV53,resultados/YcaO/neighborhoods/WP_132004928_1.fasta,missing,missing,missing,not applicable,missing,
WP_213106905.1,2.0,Lederbergia citrea,TOMM precursor leader peptide-binding protein,False,RefSeq,Lederbergia citrea,FJAT-49731,GCF_018343555.1,NZ_JAGYPK010000001.1,SAMN19008742,Lederbergia citrea,Bacillota,Bacilli,Caryophanales,Bacillaceae,Lederbergia,cellular organisms; Bacteria; Bacillati; Bacillota; Bacilli; Caryophanales; Bacillaceae; Lederbergia,2018-08-15,rhizosphere soil,China:Zhangzhou,Microbe sample from Lederbergia citrea,resultados/YcaO/neighborhoods/WP_213106905_1.fasta,,,,citrus,,
MDQ0216070.1,2.0,Oikeobacillus pervagus,ribosomal protein S12 methylthiotransferase accessory factor,False,GenBank/INSDC,Oikeobacillus pervagus,DSM 23947,GCA_030813365.1,JAUSUC010000034.1,SAMN18242731,Oikeobacillus pervagus,Bacillota,Bacilli,Caryophanales,Bacillaceae,Oikeobacillus,cellular organisms; Bacteria; Bacillati; Bacillota; Bacilli; Caryophanales; Bacillaceae; Oikeobacillus,missing,missing,missing,Bacillus pervagus DSM 23947,resultados/YcaO/neighborhoods/MDQ0216070_1.fasta,missing,missing,missing,not applicable,missing,
WP_213104404.1,2.0,Cytobacillus citreus,TOMM precursor leader peptide-binding protein,False,RefSeq,Cytobacillus citreus,FJAT-49705,GCF_018343665.1,NZ_JAGYPM010000007.1,SAMN19008740,Cytobacillus citreus,Bacillota,Bacilli,Caryophanales,Bacillaceae,Cytobacillus,cellular organisms; Bacteria; Bacillati; Bacillota; Bacilli; Caryophanales; Bacillaceae; Cytobacillus,2018-08-15,rhizosphere soil,China:Zhangzhou,Microbe sample from Cytobacillus citreus,resultados/YcaO/neighborhoods/WP_213104404_1.fasta,,,,citrus,,
MDQ0268595.1,2.0,Cytobacillus purgationiresistens,ribosomal protein S12 methylthiotransferase accessory factor,False,GenBank/INSDC,Cytobacillus purgationiresistens,DSM 23494,GCA_030813235.1,JAUSUB010000001.1,SAMN18243427,Cytobacillus purgationiresistens,Bacillota,Bacilli,Caryophanales,Bacillaceae,Cytobacillus,cellular organisms; Bacteria; Bacillati; Bacillota; Bacilli; Caryophanales; Bacillaceae; Cytobacillus,missing,missing,missing,Cytobacillus purgationiresistens DSM 23494,resultados/YcaO/neighborhoods/MDQ0268595_1.fasta,missing,missing,missing,not applicable,missing,
WP_375006222.1,2.0,Alteribacillus sp. JSM 102045,TOMM precursor leader peptide-binding protein,False,RefSeq,Alteribacillus sp. JSM 102045,JSM 102045,GCF_041949975.1,NZ_JBHFQG010000003.1,SAMN43578132,Alteribacillus sp. JSM 102045,Bacillota,Bacilli,Caryophanales,Bacillaceae,Alteribacillus,cellular organisms; Bacteria; Bacillati; Bacillota; Bacilli; Caryophanales; Bacillaceae; Alteribacillus; unclassified Alteribacillus,2012-10-18,non-saline soil,China: Hunan,Microbe sample from Alteribacillus sp. JSM 102045,resultados/YcaO/neighborhoods/WP_375006222_1.fasta,,,,,,
WP_053602024.1,6.0,Bacillus capparidis; Bacillus gobiensis,TOMM precursor leader peptide-binding protein,False,RefSeq,Bacillus gobiensis,FJAT-4402,GCF_001278705.1,NZ_CP012600.1,SAMN04009091,Bacillus gobiensis,Bacillota,Bacilli,Caryophanales,Bacillaceae,Bacillus,cellular organisms; Bacteria; Bacillati; Bacillota; Bacilli; Caryophanales; Bacillaceae; Bacillus,2011-11-06,soil,China:Jiangxi,Microbe sample from Bacillus gobiensis,resultados/YcaO/neighborhoods/WP_053602024_1.fasta,,,,,,
MBP3040987.1,1.0,Bacillaceae bacterium Marseille-Q3522,TOMM precursor leader peptide-binding protein,False,GenBank/INSDC,Bacillaceae bacterium Marseille-Q3522,Marseille-Q3522,GCA_017898095.1,JAGKQJ010000150.1,SAMN18603965,Bacillaceae bacterium Marseille-Q3522,Bacillota,Bacilli,Caryophanales,Bacillaceae,,cellular organisms; Bacteria; Bacillati; Bacillota; Bacilli; Caryophanales; Bacillaceae; unclassified Bacillaceae,2020-04-10,,France: Marseille,MIGS Cultured Bacterial/Archaeal sample from Bacillaceae bacterium Marseille-Q3522,resultados/YcaO/neighborhoods/MBP3040987_1.fasta,ENVO:00002003,ENVO:00002173,ENVO:01001033,Homo sapiens,43.28 N 5.4 E,
WP_374720823.1,1.0,Peribacillus tepidiphilus,TOMM precursor leader peptide-binding protein,False,RefSeq,Peribacillus tepidiphilus,,GCF_041920455.1,NZ_JBHGXY010000019.1,SAMN41454210,Peribacillus tepidiphilus,Bacillota,Bacilli,Caryophanales,Bacillaceae,Peribacillus,cellular organisms; Bacteria; Bacillati; Bacillota; Bacilli; Caryophanales; Bacillaceae; Peribacillus,2019-06-25,Incubation of oil sands with nitrate and glucose at 50C,Canada: Alberta,MIMAG Metagenome-assembled Genome sample from Peribacillus tepidiphilus,resultados/YcaO/neighborhoods/WP_374720823_1.fasta,outcrop,hydrocarbon-based environmental material,Terrestrial,,56.7083 N 111.3625 W,
WP_117321389.1,2.0,Peribacillus glennii,TOMM precursor leader peptide-binding protein,False,RefSeq,Peribacillus glennii,V44-8,GCF_003429105.1,NZ_QVTD01000003.1,SAMN09870226,Peribacillus glennii,Bacillota,Bacilli,Caryophanales,Bacillaceae,Peribacillus,cellular organisms; Bacteria; Bacillati; Bacillota; Bacilli; Caryophanales; Bacillaceae; Peribacillus,1975,clean room in the vehicle assembly building where the viking spacecraft were assembled,USA: Kennedy Space Center,Microbe sample from Peribacillus glennii,resultados/YcaO/neighborhoods/WP_117321389_1.fasta,,,,,,
WP_340915254.1,1.0,Bacillus sp. FSL K6-3431,TOMM precursor leader peptide-binding protein,False,RefSeq,Bacillus sp. FSL K6-3431,FSL K6-3431,GCF_038002605.1,NZ_JBBOCT010000001.1,SAMN25893966,Bacillus sp. FSL K6-3431,Bacillota,Bacilli,Caryophanales,Bacillaceae,Bacillus,cellular organisms; Bacteria; Bacillati; Bacillota; Bacilli; Caryophanales; Bacillaceae; Bacillus; unclassified Bacillus (in: firmicutes),not collected,Laboratory Heat Treated Raw Milk,not applicable,WGS of Bacilli,resultados/YcaO/neighborhoods/WP_340915254_1.fasta,,,,not applicable,,
WP_230126401.1,2.0,Bacillus sp. CECT 9360,TOMM precursor leader peptide-binding protein,False,RefSeq,Bacillus sp. CECT 9360,CECT 9360,GCF_918741275.1,NZ_CAKKNA010000001.1,SAMEA10029473,Bacillus sp. CECT 9360,Bacillota,Bacilli,Caryophanales,Bacillaceae,Bacillus,cellular organisms; Bacteria; Bacillati; Bacillota; Bacilli; Caryophanales; Bacillaceae; Bacillus; unclassified Bacillus (in: firmicutes),2017-03-07,drinking water from drinking water treatment plant,Spain,Bacillus sp. CECT 9360,resultados/YcaO/neighborhoods/WP_230126401_1.fasta,,,,,,
WP_152151021.1,2.0,Bacillus aerolatus,TOMM precursor leader peptide-binding protein,False,RefSeq,Bacillus aerolatus,CX253,GCF_009183655.1,NZ_WEIO01000004.1,SAMN12993151,Bacillus aerolatus,Bacillota,Bacilli,Caryophanales,Bacillaceae,Bacillus,cellular organisms; Bacteria; Bacillati; Bacillota; Bacilli; Caryophanales; Bacillaceae; Bacillus,2019-03-06,air in sports field,"China: Guangzhou, Guangodng",Microbe sample from Bacillus aerolatus,resultados/YcaO/neighborhoods/WP_152151021_1.fasta,,,,,,
WP_101585583.1,2.0,Bacillus sp. T33-2,TOMM precursor leader peptide-binding protein,False,RefSeq,Bacillus sp. T33-2,T33-2,GCF_002860205.1,NZ_PGVB01000054.1,SAMN08028473,Bacillus sp. T33-2,Bacillota,Bacilli,Caryophanales,Bacillaceae,Bacillus,cellular organisms; Bacteria; Bacillati; Bacillota; Bacilli; Caryophanales; Bacillaceae; Bacillus; unclassified Bacillus (in: firmicutes),1974-05-31,spacecraft hardware,USA,Microbe sample from Bacillus sp. T33-2,resultados/YcaO/neighborhoods/WP_101585583_1.fasta,,,,,,
WP_101665729.1,2.0,Bacillus sp. V33-4,TOMM precursor leader peptide-binding protein,False,RefSeq,Bacillus sp. V33-4,V33-4,GCF_002860225.1,NZ_PGVC01000022.1,SAMN08028477,Bacillus sp. V33-4,Bacillota,Bacilli,Caryophanales,Bacillaceae,Bacillus,cellular organisms; Bacteria; Bacillati; Bacillota; Bacilli; Caryophanales; Bacillaceae; Bacillus; unclassified Bacillus (in: firmicutes),1974-05-31,spacecraft hardware,USA,Microbe sample from Bacillus sp. V33-4,resultados/YcaO/neighborhoods/WP_101665729_1.fasta,,,,,,
WP_004434480.1,4.0,Bacillus methanolicus MGA3,TOMM precursor leader peptide-binding protein,False,RefSeq,Bacillus methanolicus MGA3,MGA3,GCF_000262735.1,NZ_ADWW01000002.1,SAMN02470993,Bacillus methanolicus MGA3,Bacillota,Bacilli,Caryophanales,Bacillaceae,Bacillus,cellular organisms; Bacteria; Bacillati; Bacillota; Bacilli; Caryophanales; Bacillaceae; Bacillus; Bacillus methanolicus,,,,Sample from Bacillus methanolicus MGA3,resultados/YcaO/neighborhoods/WP_004434480_1.fasta,,,,,,
